student_id,academic_risk_probability,academic_risk_label,academic_risk_tier,placement_risk_probability,placement_risk_label,placement_risk_tier
S2001,0.5669444102184011,1,Medium,0.46016536175753225,1,Medium
S2002,0.22996415984932086,0,Low,0.2689213394215192,1,Medium
S2003,0.2843759053111273,0,Low,0.40011622208428343,1,Medium
S2004,0.011009628713419085,0,Low,0.45506160934175655,1,Medium
S2005,0.023308683702836137,0,Low,0.6232885530017661,1,High
S2006,0.04718852678486058,0,Low,0.11835202325035345,0,Low
S2007,0.8505291370134809,1,High,0.49043709510368216,1,Medium
S2008,0.02324341386077785,0,Low,0.8408912866657111,1,High
S2009,0.352775989425809,1,Medium,0.4429170670158562,1,Medium
S2010,0.38363414627729603,1,Medium,0.11665708467751951,0,Low
S2011,0.24972727587489757,0,Low,0.17616502003708154,0,Low
S2012,0.10148371998988549,0,Low,0.3037940811607823,1,Medium
S2013,0.1249907059426965,0,Low,0.03910814915969247,0,Low
S2014,0.46904392145378493,1,Medium,0.21175748093320998,1,Medium
S2015,0.704082427982276,1,High,0.16115796957235265,0,Low
S2016,0.34320565048123325,1,Medium,0.1119450306353825,0,Low
S2017,0.03904123601756996,0,Low,0.36957270619214466,1,Medium
S2018,0.6065731698287226,1,High,0.23052534471573488,1,Medium
S2019,0.4053830471742916,1,Medium,0.09574873255843934,0,Low
S2020,0.28196385361932574,0,Low,0.21810437587284823,1,Medium
S2021,0.25668163667106136,0,Low,0.016866174690188702,0,Low
S2022,0.003042301564068601,0,Low,0.09582800892113684,0,Low
S2023,0.22131395075758192,0,Low,0.5031944016480513,1,High
S2024,0.3502931903955517,1,Medium,0.08572498998773158,0,Low
S2025,0.009409117317786325,0,Low,0.9236901124791486,1,High
S2026,0.5671031662689503,1,Medium,0.2632886165185483,1,Medium
S2027,0.920527751808761,1,High,0.002608308936292479,0,Low
S2028,0.6897956104852225,1,High,0.08914915234320292,0,Low
S2029,0.11348815439198942,0,Low,0.7561574968347621,1,High
S2030,0.1996070625580836,0,Low,0.02313874924202378,0,Low
S2031,0.0596209980502163,0,Low,0.7924112427284705,1,High
S2032,0.11101196680155373,0,Low,0.4024242827415727,1,Medium
S2033,0.04313313403553381,0,Low,0.049094103701004775,0,Low
S2034,0.2971419833564258,0,Low,0.03682263985265203,0,Low
S2035,0.28136514491129405,0,Low,0.6221866727793438,1,High
S2036,0.06358876552331862,0,Low,0.6332705539944711,1,High
S2037,0.581648895679239,1,Medium,0.1044920715144625,0,Low
S2038,0.4622197446804258,1,Medium,0.922350250250788,1,High
S2039,0.05465859119901012,0,Low,0.44778667194552124,1,Medium
S2040,0.02505547565048389,0,Low,0.02852762344683902,0,Low
S2041,0.2199991358207687,0,Low,0.35226533606832455,1,Medium
S2042,0.449697376585968,1,Medium,0.11640499775545322,0,Low
S2043,0.3486115182788067,1,Medium,0.760093794919346,1,High
S2044,0.1791059076223363,0,Low,0.06278840961560889,0,Low
S2045,0.09847619669249698,0,Low,0.35588946049924197,1,Medium
S2046,0.03393464036794117,0,Low,0.17911328830606235,0,Low
S2047,0.47886878009552153,1,Medium,0.07654212442205004,0,Low
S2048,0.163817138110481,0,Low,0.5507167307751625,1,High
S2049,0.3149001936687401,1,Medium,0.10101840039710006,0,Low
S2050,0.20723940719510406,0,Low,0.518301602225705,1,High
S2051,0.1060620486421848,0,Low,0.4608705745047765,1,Medium
S2052,0.2421738812433674,0,Low,0.9603701789475668,1,High
S2053,0.21737730625658438,0,Low,0.37763561295634135,1,Medium
S2054,0.9660110848391843,1,High,0.6793844756905845,1,High
S2055,0.1524848552459476,0,Low,0.30193501897727243,1,Medium
S2056,0.01862454824399001,0,Low,0.2065368441873356,1,Medium
S2057,0.050456436457695736,0,Low,0.232303914640207,1,Medium
S2058,0.21585807740851382,0,Low,0.10648351767465332,0,Low
S2059,0.026151367727084106,0,Low,0.430980963606408,1,Medium
S2060,0.08968998810785542,0,Low,0.6290354482774234,1,High
S2061,0.20220860340094712,0,Low,0.3246562162461179,1,Medium
S2062,0.5856396149883162,1,Medium,0.33020768456696525,1,Medium
S2063,0.6994602056313766,1,High,0.014841895284667598,0,Low
S2064,0.7513458878438319,1,High,0.19478246105612218,0,Low
S2065,0.0866090668126391,0,Low,0.25487860153332165,1,Medium
S2066,0.3718789326798036,1,Medium,0.1218906792487654,0,Low
S2067,0.3867324651128819,1,Medium,0.18187464914264276,0,Low
S2068,0.2864423630822581,0,Low,0.5235408127384035,1,High
S2069,0.8838158842031245,1,High,0.06805675601922795,0,Low
S2070,0.2076905069469849,0,Low,0.903980105288586,1,High
S2071,0.17521403726912332,0,Low,0.011521544815602186,0,Low
S2072,0.21542893050439088,0,Low,0.42931998511652,1,Medium
S2073,0.17839080277147581,0,Low,0.1454864119016686,0,Low
S2074,0.02867365943249334,0,Low,0.7611584409108981,1,High
S2075,0.4272596614375424,1,Medium,0.03305282928029521,0,Low
S2076,0.03999123380304303,0,Low,0.788446458392346,1,High
S2077,0.7291506263750126,1,High,0.335489061394757,1,Medium
S2078,0.23272539973007006,0,Low,0.862382914267931,1,High
S2079,0.2006070393990503,0,Low,0.48382768533865445,1,Medium
S2080,0.1388334880494892,0,Low,0.3345717697072802,1,Medium
S2081,0.5555894179815464,1,Medium,0.23164023114499463,1,Medium
S2082,0.6198221628611102,1,High,0.048736913084666815,0,Low
S2083,0.028791673921169693,0,Low,0.877318258685762,1,High
S2084,0.10378426767190051,0,Low,0.1660064138494372,0,Low
S2085,0.2704955431904546,0,Low,0.3489352775097212,1,Medium
S2086,0.07869025121696424,0,Low,0.39361139696972636,1,Medium
S2087,0.07232589355791189,0,Low,0.33453833505860087,1,Medium
S2088,0.11659728925174713,0,Low,0.11524493210577753,0,Low
S2089,0.7187719338834986,1,High,0.6240325379292687,1,High
S2090,0.7214163351275337,1,High,0.4710673525022409,1,Medium
S2091,0.20468256260392348,0,Low,0.9174020739314901,1,High
S2092,0.06772061753297669,0,Low,0.29895338655754694,1,Medium
S2093,0.05823589673920027,0,Low,0.45009615153201143,1,Medium
S2094,0.2890719943144658,0,Low,0.2849991138731918,1,Medium
S2095,0.2698890175345525,0,Low,0.5302389300311378,1,High
S2096,0.4203372116348739,1,Medium,0.6055947975402116,1,High
S2097,0.029292556898516134,0,Low,0.058992985638680405,0,Low
S2098,0.46713999112959737,1,Medium,0.588481108222591,1,High
S2099,0.06618163364796843,0,Low,0.06459142766522581,0,Low
S2100,0.35676832265085995,1,Medium,0.10365120205717655,0,Low
S2101,0.06274050352988732,0,Low,0.3141636754769074,1,Medium
S2102,0.009397887128197245,0,Low,0.3030027865955277,1,Medium
S2103,0.2566109931081897,0,Low,0.3456263814616751,1,Medium
S2104,0.011096482517675605,0,Low,0.15449285628626336,0,Low
S2105,0.29365643816073345,0,Low,0.16533295746953783,0,Low
S2106,0.07233539072590635,0,Low,0.36457950170939835,1,Medium
S2107,0.22513671296231735,0,Low,0.5092547115119513,1,High
S2108,0.1727361830875719,0,Low,0.29539597090126096,1,Medium
S2109,0.03700005117970092,0,Low,0.8471037259005977,1,High
S2110,0.015435758636209754,0,Low,0.18480328249348962,0,Low
S2111,0.1330537365397647,0,Low,0.7056715688334401,1,High
S2112,0.12638791237675515,0,Low,0.06574318349974868,0,Low
S2113,0.4675549478004882,1,Medium,0.23513992749859194,1,Medium
S2114,0.08483841801087974,0,Low,0.09650624496333798,0,Low
S2115,0.07688465436709259,0,Low,0.08228472251330744,0,Low
S2116,0.05841947705485229,0,Low,0.26725479325853646,1,Medium
S2117,0.169602004700537,0,Low,0.3158696405687253,1,Medium
S2118,0.13015087024883212,0,Low,0.23592798034045157,1,Medium
S2119,0.014226448001097056,0,Low,0.13893806377755508,0,Low
S2120,0.13391073823286218,0,Low,0.045807552530991655,0,Low
S2121,0.039495951138082824,0,Low,0.027031301054267372,0,Low
S2122,0.6324784290641112,1,High,0.2608482449808454,1,Medium
S2123,0.5992469712628764,1,Medium,0.48028591189443687,1,Medium
S2124,0.3725278472019734,1,Medium,0.35079643381856007,1,Medium
S2125,0.049205115208342025,0,Low,0.20361424808946949,1,Medium
S2126,0.5069439188431847,1,Medium,0.3476224372745645,1,Medium
S2127,0.24646116916939417,0,Low,0.09732867592197883,0,Low
S2128,0.4900741729411582,1,Medium,0.4420681817767548,1,Medium
S2129,0.11753476131810475,0,Low,0.5007062186675707,1,High
S2130,0.029869566890655706,0,Low,0.24869569709686415,1,Medium
S2131,0.18672888685827624,0,Low,0.3601432941798168,1,Medium
S2132,0.08209839573332892,0,Low,0.10809289371105969,0,Low
S2133,0.2295028884094736,0,Low,0.013092372190434328,0,Low
S2134,0.3841724279136275,1,Medium,0.729182960131039,1,High
S2135,0.14107534748233896,0,Low,0.10248657735653861,0,Low
S2136,0.05689910347168648,0,Low,0.3034238226347242,1,Medium
S2137,0.05037608547183579,0,Low,0.4860123959644553,1,Medium
S2138,0.1139617856087749,0,Low,0.15867190031681164,0,Low
S2139,0.04360855300137439,0,Low,0.04426454961860887,0,Low
S2140,0.26873402158422266,0,Low,0.07336499054458753,0,Low
S2141,0.8221635324994927,1,High,0.4961664875538313,1,Medium
S2142,0.08863151759599598,0,Low,0.2724615028409566,1,Medium
S2143,0.8576046357141515,1,High,0.1277281259601748,0,Low
S2144,0.36378422178041414,1,Medium,0.5498650831405004,1,High
S2145,0.07802802502288637,0,Low,0.18779060988380353,0,Low
S2146,0.20234205293292185,0,Low,0.3913934896792572,1,Medium
S2147,0.4808012147857007,1,Medium,0.26743668812108035,1,Medium
S2148,0.12606604516417103,0,Low,0.45396150068377294,1,Medium
S2149,0.47612544725722006,1,Medium,0.7690185988495719,1,High
S2150,0.09152817689774898,0,Low,0.08808269893197006,0,Low
S2151,0.08305510339547607,0,Low,0.16677174029071062,0,Low
S2152,0.6516031962193006,1,High,0.08055630092541026,0,Low
S2153,0.6926302021373597,1,High,0.8087318251679531,1,High
S2154,0.7270760444823041,1,High,0.8150138645262364,1,High
S2155,0.8470603850816119,1,High,0.2983581671342241,1,Medium
S2156,0.09838575269055813,0,Low,0.061130225928059466,0,Low
S2157,0.17725974938643946,0,Low,0.09648249362404594,0,Low
S2158,0.2325823526510278,0,Low,0.065236308122268,0,Low
S2159,0.03349022337618808,0,Low,0.376637595195303,1,Medium
S2160,0.1795390875148427,0,Low,0.3538811771100868,1,Medium
S2161,0.0833822486366118,0,Low,0.15665168896829734,0,Low
S2162,0.05151161778792061,0,Low,0.13505496097324549,0,Low
S2163,0.036794149017964586,0,Low,0.4631702503704287,1,Medium
S2164,0.29355285471888776,0,Low,0.5483877560624358,1,High
S2165,0.19709991880225425,0,Low,0.11714444562975447,0,Low
S2166,0.09687595230183772,0,Low,0.04002296701969218,0,Low
S2167,0.5750083122096722,1,Medium,0.1411982514746294,0,Low
S2168,0.18204837946508692,0,Low,0.5937293323683417,1,High
S2169,0.39175037319954553,1,Medium,0.24889981465579683,1,Medium
S2170,0.2317721747754595,0,Low,0.021852020763426957,0,Low
S2171,0.10581429341062093,0,Low,0.5101708358641063,1,High
S2172,0.05747123721403311,0,Low,0.45080764333845647,1,Medium
S2173,0.08254639201447445,0,Low,0.9146751143699957,1,High
S2174,0.3123954453648041,1,Medium,0.07340203794631552,0,Low
S2175,0.010071625049903925,0,Low,0.05011332809716824,0,Low
S2176,0.8550288887233976,1,High,0.44333704121446704,1,Medium
S2177,0.33038731595481613,1,Medium,0.743953292828455,1,High
S2178,0.7060594499986217,1,High,0.16257192851841418,0,Low
S2179,0.0010596634111775976,0,Low,0.13137613975805285,0,Low
S2180,0.040937205716562265,0,Low,0.14846924950267676,0,Low
S2181,0.2407702998946849,0,Low,0.43960237618954073,1,Medium
S2182,0.47781636829160995,1,Medium,0.6045276424786707,1,High
S2183,0.21452003791133936,0,Low,0.0737462648048478,0,Low
S2184,0.13201535832781294,0,Low,0.1976371098738426,0,Low
S2185,0.0450037748630861,0,Low,0.5234848440418861,1,High
S2186,0.11157725563836453,0,Low,0.3082281898455524,1,Medium
S2187,0.28785896272768396,0,Low,0.6141338081158811,1,High
S2188,0.5245775091349607,1,Medium,0.2587036939254037,1,Medium
S2189,0.4037819974599438,1,Medium,0.24733193760573174,1,Medium
S2190,0.17407700316917762,0,Low,0.10252608080405719,0,Low
S2191,0.22324557464356343,0,Low,0.5333940650239901,1,High
S2192,0.5972703635111314,1,Medium,0.14316106932760764,0,Low
S2193,0.12624642532919375,0,Low,0.7796443434275991,1,High
S2194,0.3524823354906183,1,Medium,0.5376509872242727,1,High
S2195,0.6243580788721613,1,High,0.060833015419802475,0,Low
S2196,0.21419613497105638,0,Low,0.2998339897672653,1,Medium
S2197,0.4934069735839237,1,Medium,0.17758049766000003,0,Low
S2198,0.0718880745723578,0,Low,0.12368464782459736,0,Low
S2199,0.4622109404228901,1,Medium,0.2944413459425576,1,Medium
S2200,0.07337516514342936,0,Low,0.5064307707425216,1,High
S2201,0.042871975819741254,0,Low,0.04840393322421068,0,Low
S2202,0.40521955539174026,1,Medium,0.6770363324989686,1,High
S2203,0.5404982201006623,1,Medium,0.37148396465581657,1,Medium
S2204,0.3615462300164873,1,Medium,0.5827087241255599,1,High
S2205,0.6557173575112611,1,High,0.28600519144889947,1,Medium
S2206,0.3939708356719134,1,Medium,0.8636356616105632,1,High
S2207,0.2319621922157087,0,Low,0.18167894176988952,0,Low
S2208,0.34338541670148137,1,Medium,0.5900634679464016,1,High
S2209,0.2584320191075242,0,Low,0.27462812920434354,1,Medium
S2210,0.31513417559141654,1,Medium,0.03562622914225458,0,Low
S2211,0.5079007519476918,1,Medium,0.1013594769026133,0,Low
S2212,0.1616480729345075,0,Low,0.40028203609172996,1,Medium
S2213,0.5357993767382713,1,Medium,0.12940646107496875,0,Low
S2214,0.28646155804397105,0,Low,0.28193088474356115,1,Medium
S2215,0.039377252981865576,0,Low,0.2722888575621478,1,Medium
S2216,0.02995066729993963,0,Low,0.022217320336559043,0,Low
S2217,0.034594628004295976,0,Low,0.5535906694942418,1,High
S2218,0.2551495584344506,0,Low,0.7790734059146723,1,High
S2219,0.5753257287797126,1,Medium,0.02276857826126023,0,Low
S2220,0.09553788556163438,0,Low,0.3757122894262241,1,Medium
S2221,0.43434667647978215,1,Medium,0.21383892214107109,1,Medium
S2222,0.3808110836594743,1,Medium,0.9185715876703897,1,High
S2223,0.19534028831929917,0,Low,0.12970970271763718,0,Low
S2224,0.08718137523240613,0,Low,0.487653279306659,1,Medium
S2225,0.21059096239924052,0,Low,0.10292963882544652,0,Low
S2226,0.01741317358467724,0,Low,0.2834900361418012,1,Medium
S2227,0.012885177254352637,0,Low,0.13394363692345979,0,Low
S2228,0.07660097869121112,0,Low,0.08745045113621318,0,Low
S2229,0.15152385686980052,0,Low,0.17618337217537897,0,Low
S2230,0.19095555555757282,0,Low,0.39972638843862257,1,Medium
S2231,0.06717020980781511,0,Low,0.2671845031229373,1,Medium
S2232,0.15025983008075972,0,Low,0.18205009286660148,0,Low
S2233,0.35097887944025563,1,Medium,0.16165508567799297,0,Low
S2234,0.10827015264700285,0,Low,0.5178882465559677,1,High
S2235,0.04239002055059558,0,Low,0.42266126104176843,1,Medium
S2236,0.9209419450294544,1,High,0.39705047224522727,1,Medium
S2237,0.08581361178774209,0,Low,0.36948837426741277,1,Medium
S2238,0.010169434564571967,0,Low,0.36586714180553204,1,Medium
S2239,0.13352668910846857,0,Low,0.29498854590288676,1,Medium
S2240,0.3253962366090669,1,Medium,0.2555246177704686,1,Medium
S2241,0.23317487238074552,0,Low,0.5461254606882414,1,High
S2242,0.1194293094416547,0,Low,0.1297570249517937,0,Low
S2243,0.18989888525404747,0,Low,0.4027049998740316,1,Medium
S2244,0.2342370826207344,0,Low,0.023212234416309763,0,Low
S2245,0.036652947571680236,0,Low,0.28748041255834994,1,Medium
S2246,0.7073483093253806,1,High,0.05846591976429654,0,Low
S2247,0.6880896602328983,1,High,0.4006915186408729,1,Medium
S2248,0.3267707141999262,1,Medium,0.9306536228620876,1,High
S2249,0.5940329145161127,1,Medium,0.7113131620801175,1,High
S2250,0.052025699349382525,0,Low,0.22430825652737196,1,Medium
S2251,0.18679214130521965,0,Low,0.015503287190209894,0,Low
S2252,0.6414183453411427,1,High,0.33070445124853426,1,Medium
S2253,0.5869464509780462,1,Medium,0.3276514331608103,1,Medium
S2254,0.37674889399126305,1,Medium,0.44961288600034827,1,Medium
S2255,0.024452529045184093,0,Low,0.5350515116192992,1,High
S2256,0.19439073194296985,0,Low,0.42078264626354,1,Medium
S2257,0.15471312053870986,0,Low,0.8264563497801101,1,High
S2258,0.12903123707234201,0,Low,0.06839447791931914,0,Low
S2259,0.022452339250602873,0,Low,0.4495070473287004,1,Medium
S2260,0.7588248069362769,1,High,0.9554402872752,1,High
S2261,0.2147912022202553,0,Low,0.3170238923660781,1,Medium
S2262,0.43257230633285887,1,Medium,0.9807731965088798,1,High
S2263,0.5434422721141844,1,Medium,0.18221705156956974,0,Low
S2264,0.06289522281670414,0,Low,0.38377039865251905,1,Medium
S2265,0.04764239581496112,0,Low,0.03323872593757367,0,Low
S2266,0.005114395761325304,0,Low,0.07967747977991825,0,Low
S2267,0.4055789904852396,1,Medium,0.5148725205087693,1,High
S2268,0.4155106431806918,1,Medium,0.597873902261379,1,High
S2269,0.8204003902997943,1,High,0.6675020921576038,1,High
S2270,0.07865572254308953,0,Low,0.10797929165137594,0,Low
S2271,0.7148491829557414,1,High,0.456970877808984,1,Medium
S2272,0.25461511090078603,0,Low,0.7222043864838746,1,High
S2273,0.197160580155778,0,Low,0.03752440879663204,0,Low
S2274,0.6937091816077852,1,High,0.3888234346390341,1,Medium
S2275,0.040286214033321714,0,Low,0.045094735206159975,0,Low
S2276,0.4223833111732606,1,Medium,0.7083991471242004,1,High
S2277,0.8434544092653314,1,High,0.3125399065977108,1,Medium
S2278,0.5709945553578686,1,Medium,0.8623129657850884,1,High
S2279,0.4985808696072668,1,Medium,0.06685382082226685,0,Low
S2280,0.23698831224809863,0,Low,0.3245691064230591,1,Medium
S2281,0.5319700133269736,1,Medium,0.8285753474865084,1,High
S2282,0.07553264058031688,0,Low,0.08331377997214288,0,Low
S2283,0.8675417421306542,1,High,0.391190101213138,1,Medium
S2284,0.17962998485322795,0,Low,0.25939891312895574,1,Medium
S2285,0.9259839185774921,1,High,0.8939408183802329,1,High
S2286,0.0724884470277023,0,Low,0.18196172296618138,0,Low
S2287,0.3355722007698823,1,Medium,0.5538182400960173,1,High
S2288,0.07033606596758847,0,Low,0.6372830163568552,1,High
S2289,0.007534614573259353,0,Low,0.2810007603481297,1,Medium
S2290,0.7037515043251038,1,High,0.7591402367407396,1,High
S2291,0.8270641245361865,1,High,0.7926778444247119,1,High
S2292,0.30071267457476725,1,Medium,0.7368337866172638,1,High
S2293,0.2552095098742886,0,Low,0.506430343172419,1,High
S2294,0.3324453694732987,1,Medium,0.13019603911080035,0,Low
S2295,0.17110472643997163,0,Low,0.3223026927171647,1,Medium
S2296,0.27855911101617925,0,Low,0.6814361504257893,1,High
S2297,0.38601693010133187,1,Medium,0.16797983946342207,0,Low
S2298,0.14583904526458522,0,Low,0.49332835723597623,1,Medium
S2299,0.3739622389435586,1,Medium,0.04707842432356961,0,Low
S2300,0.23245455624378505,0,Low,0.602467818559395,1,High
S2301,0.020526638759614458,0,Low,0.6117147594226814,1,High
S2302,0.03201875161763489,0,Low,0.14568228477988499,0,Low
S2303,0.7568449445625716,1,High,0.8385143491875154,1,High
S2304,0.13625224915231768,0,Low,0.24282434768193276,1,Medium
S2305,0.39539971653615363,1,Medium,0.5007192106993058,1,High
S2306,0.3928771060409757,1,Medium,0.21746374350381306,1,Medium
S2307,0.3724527798438477,1,Medium,0.22161901514463236,1,Medium
S2308,0.5514103177263321,1,Medium,0.4693102894523794,1,Medium
S2309,0.02734835323024747,0,Low,0.2725330995576166,1,Medium
S2310,0.5612431043478808,1,Medium,0.4732173371106707,1,Medium
S2311,0.15755631223373096,0,Low,0.2658205575816451,1,Medium
S2312,0.005527431025346214,0,Low,0.25391793790924105,1,Medium
S2313,0.32873456525861605,1,Medium,0.24725074912154396,1,Medium
S2314,0.03284543251749181,0,Low,0.22364926602214694,1,Medium
S2315,0.154552347679355,0,Low,0.6696599059902287,1,High
S2316,0.35466314721058306,1,Medium,0.4540867414320263,1,Medium
S2317,0.12743554513559446,0,Low,0.4068853658597458,1,Medium
S2318,0.6118456889060292,1,High,0.8839107376197027,1,High
S2319,0.5615654444865334,1,Medium,0.10755046290204733,0,Low
S2320,0.7407326553005344,1,High,0.05634689814129263,0,Low
S2321,0.09217854487863228,0,Low,0.31451229152054794,1,Medium
S2322,0.24782686963909192,0,Low,0.19007955083823463,0,Low
S2323,0.46555931218867214,1,Medium,0.535800179261221,1,High
S2324,0.15433597464832127,0,Low,0.9598213648590855,1,High
S2325,0.01552203648337858,0,Low,0.17522574041899824,0,Low
S2326,0.10111848681195455,0,Low,0.5324719728885179,1,High
S2327,0.39405253610020036,1,Medium,0.2992093855390671,1,Medium
S2328,0.08865436360914013,0,Low,0.3294402392007453,1,Medium
S2329,0.07385166487557658,0,Low,0.27384418324202875,1,Medium
S2330,0.2056722445715605,0,Low,0.2956827884196566,1,Medium
S2331,0.3124925743942967,1,Medium,0.029670240925559692,0,Low
S2332,0.21501478747084865,0,Low,0.15935886270833285,0,Low
S2333,0.11573330019196526,0,Low,0.44071860005690294,1,Medium
S2334,0.3731973795966228,1,Medium,0.781256088118129,1,High
S2335,0.22288802528982096,0,Low,0.08257544731820642,0,Low
S2336,0.841832941726431,1,High,0.06623304889393766,0,Low
S2337,0.5960331680600323,1,Medium,0.44314881901528874,1,Medium
S2338,0.4459773171012523,1,Medium,0.30927471852373,1,Medium
S2339,0.2581380145633248,0,Low,0.37217836596443715,1,Medium
S2340,0.3204494772815606,1,Medium,0.7085819617029019,1,High
S2341,0.8846167307707968,1,High,0.2987755301901838,1,Medium
S2342,0.24509841957063544,0,Low,0.08979238348550403,0,Low
S2343,0.18812369686565877,0,Low,0.2497920984212195,1,Medium
S2344,0.3464605516981685,1,Medium,0.023556317380850962,0,Low
S2345,0.101756326931708,0,Low,0.3265926794106195,1,Medium
S2346,0.19333570663319755,0,Low,0.48068790861561955,1,Medium
S2347,0.15451670257952882,0,Low,0.15219932863879157,0,Low
S2348,0.11349319217635705,0,Low,0.5251773625548349,1,High
S2349,0.29586432993545286,0,Low,0.8738136672668227,1,High
S2350,0.20998241521925526,0,Low,0.25068300216918105,1,Medium
S2351,0.5479348507128903,1,Medium,0.17553067142316572,0,Low
S2352,0.04862675064778245,0,Low,0.11514871532608964,0,Low
S2353,0.46618540198967373,1,Medium,0.6397801837138688,1,High
S2354,0.12182299881059738,0,Low,0.02238852823767832,0,Low
S2355,0.3539153248734221,1,Medium,0.05934197320342911,0,Low
S2356,0.8401673648382556,1,High,0.05429039755630936,0,Low
S2357,0.1561724654833844,0,Low,0.055706538264239734,0,Low
S2358,0.1686329660885145,0,Low,0.0942258510097355,0,Low
S2359,0.9395951342212346,1,High,0.318863014593133,1,Medium
S2360,0.9126298856418225,1,High,0.5836384372527248,1,High
S2361,0.5926304750935466,1,Medium,0.8255148926474383,1,High
S2362,0.14048070050338957,0,Low,0.11572702877387678,0,Low
S2363,0.1809784665572807,0,Low,0.13927188800541404,0,Low
S2364,0.17191394473796714,0,Low,0.12026450874159353,0,Low
S2365,0.31853078018997827,1,Medium,0.5170149280622657,1,High
S2366,0.6584339696851299,1,High,0.39521314304318034,1,Medium
S2367,0.6574707302203794,1,High,0.23411372150286341,1,Medium
S2368,0.08473519217331145,0,Low,0.23428254956392902,1,Medium
S2369,0.5322270917806148,1,Medium,0.7741258742968905,1,High
S2370,0.6058901049749753,1,High,0.4869862230367173,1,Medium
S2371,0.34267364910906434,1,Medium,0.5750772353461666,1,High
S2372,0.13444577412065317,0,Low,0.10297876031018122,0,Low
S2373,0.07684565434068825,0,Low,0.2927592060363619,1,Medium
S2374,0.49154471737487815,1,Medium,0.11733441436553572,0,Low
S2375,0.35682322276168243,1,Medium,0.9404697213090433,1,High
S2376,0.30051544092694743,1,Medium,0.760655106667139,1,High
S2377,0.9289425190923,1,High,0.4532500983242816,1,Medium
S2378,0.08579782020525498,0,Low,0.28536331187563146,1,Medium
S2379,0.05948641026085237,0,Low,0.2773412518979282,1,Medium
S2380,0.21458494261581879,0,Low,0.6744657742852729,1,High
S2381,0.05646658452573293,0,Low,0.037475177424003144,0,Low
S2382,0.3579878347467462,1,Medium,0.3628917158746146,1,Medium
S2383,0.27944873033091755,0,Low,0.18791369943541456,0,Low
S2384,0.17001438106594197,0,Low,0.06310693030354572,0,Low
S2385,0.47284472063057725,1,Medium,0.37804096886412,1,Medium
S2386,0.06798101925959862,0,Low,0.42391218238233563,1,Medium
S2387,0.961376379936934,1,High,0.2753299403269283,1,Medium
S2388,0.09561786268890578,0,Low,0.05262257138386697,0,Low
S2389,0.6982843551055742,1,High,0.30964870097330155,1,Medium
S2390,0.39586692432110854,1,Medium,0.03602940805275301,0,Low
S2391,0.3173682205356293,1,Medium,0.40446007701611836,1,Medium
S2392,0.24806442659400985,0,Low,0.09242530069399864,0,Low
S2393,0.12209448764725647,0,Low,0.20804280373128956,1,Medium
S2394,0.020577171950913273,0,Low,0.24565888172319714,1,Medium
S2395,0.16278407243448292,0,Low,0.27473785487088886,1,Medium
S2396,0.1034422824095807,0,Low,0.22085357523695007,1,Medium
S2397,0.04842410936127931,0,Low,0.1364020348997253,0,Low
S2398,0.029818302461092606,0,Low,0.555012150797267,1,High
S2399,0.14844574163020305,0,Low,0.2050925737828677,1,Medium
S2400,0.182521329646483,0,Low,0.3872023867042154,1,Medium
S2401,0.1145477705107596,0,Low,0.02291728186749147,0,Low
S2402,0.03202226282649905,0,Low,0.36713478197819044,1,Medium
S2403,0.4081068646143992,1,Medium,0.0748247668083404,0,Low
S2404,0.01906824916120294,0,Low,0.268925710588403,1,Medium
S2405,0.013298495840636054,0,Low,0.70351185018377,1,High
S2406,0.20809729865023371,0,Low,0.2690168291837774,1,Medium
S2407,0.6243292571117456,1,High,0.5409177843657926,1,High
S2408,0.022897397511251028,0,Low,0.06659359852824163,0,Low
S2409,0.7481860718128976,1,High,0.3425943816804292,1,Medium
S2410,0.050047194115634325,0,Low,0.13137501502088722,0,Low
S2411,0.4985902601220972,1,Medium,0.08066119282497941,0,Low
S2412,0.8601383041818287,1,High,0.15598276154522545,0,Low
S2413,0.34321955258954445,1,Medium,0.6155225786163054,1,High
S2414,0.2425471718257444,0,Low,0.01822823926845347,0,Low
S2415,0.49338401066341914,1,Medium,0.30588618876117024,1,Medium
S2416,0.8151945413159535,1,High,0.03606040716435195,0,Low
S2417,0.07402242544660546,0,Low,0.19067056801940838,0,Low
S2418,0.5806893542336768,1,Medium,0.4237468973040087,1,Medium
S2419,0.07739409211085689,0,Low,0.8259598111371873,1,High
S2420,0.0011829711895982606,0,Low,0.2758575857788595,1,Medium
S2421,0.7532843839290491,1,High,0.6865920754922408,1,High
S2422,0.045604960309281725,0,Low,0.04672202677296867,0,Low
S2423,0.06813563512306747,0,Low,0.09809126278771566,0,Low
S2424,0.13433354226642366,0,Low,0.5887802120850258,1,High
S2425,0.167740735924851,0,Low,0.8007930992931055,1,High
S2426,0.5481204590948182,1,Medium,0.3687401489530461,1,Medium
S2427,0.03653302490759117,0,Low,0.5924669126074569,1,High
S2428,0.052186632854201526,0,Low,0.10932072871156187,0,Low
S2429,0.5719004287997166,1,Medium,0.04016678359412394,0,Low
S2430,0.15012128783126027,0,Low,0.22948599511071632,1,Medium
S2431,0.046390416389202146,0,Low,0.4196593185660882,1,Medium
S2432,0.09630386802502228,0,Low,0.5201748301185233,1,High
S2433,0.13918751313117628,0,Low,0.22417626314569913,1,Medium
S2434,0.16630158916937215,0,Low,0.9793377909953507,1,High
S2435,0.53133003678406,1,Medium,0.09236728594068802,0,Low
S2436,0.12164334651983258,0,Low,0.30943894798277316,1,Medium
S2437,0.7161040555984329,1,High,0.6706595179405695,1,High
S2438,0.009105463129323628,0,Low,0.3233333171875289,1,Medium
S2439,0.6409352849804577,1,High,0.0646933787636475,0,Low
S2440,0.5081377068344443,1,Medium,0.6824102573854626,1,High
S2441,0.6329320674975668,1,High,0.03377265128630021,0,Low
S2442,0.08216297571097485,0,Low,0.7938364168224363,1,High
S2443,0.02612917867512221,0,Low,0.41201218736498885,1,Medium
S2444,0.39252897149001736,1,Medium,0.02572867632103452,0,Low
S2445,0.19960701976608036,0,Low,0.133896579548957,0,Low
S2446,0.10019094053810114,0,Low,0.5871944483383091,1,High
S2447,0.5821074915798421,1,Medium,0.013796892038959754,0,Low
S2448,0.1271432384143361,0,Low,0.5250890204389292,1,High
S2449,0.16616595167168266,0,Low,0.051555671677478765,0,Low
S2450,0.8745488706984818,1,High,0.27593592549137946,1,Medium
S2451,0.2915757961316297,0,Low,0.13950820462040667,0,Low
S2452,0.13078641029419494,0,Low,0.10060551249515082,0,Low
S2453,0.5772005443989234,1,Medium,0.26158669798367284,1,Medium
S2454,0.4868865690231603,1,Medium,0.646701101770256,1,High
S2455,0.1618082008398767,0,Low,0.09532506037419637,0,Low
S2456,0.09494633288095351,0,Low,0.7524128844107781,1,High
S2457,0.15034464339619336,0,Low,0.07051171037017992,0,Low
S2458,0.5210735084873359,1,Medium,0.43063230208582015,1,Medium
S2459,0.11764205155443029,0,Low,0.7509485601086409,1,High
S2460,0.10825263472396136,0,Low,0.6331534592679462,1,High
S2461,0.7583009165214712,1,High,0.12584910659901852,0,Low
S2462,0.11323746263717674,0,Low,0.4585579898931981,1,Medium
S2463,0.30669027706983815,1,Medium,0.14776444973887645,0,Low
S2464,0.05597341282675589,0,Low,0.4986099728355096,1,Medium
S2465,0.49544756160290176,1,Medium,0.06216387668041198,0,Low
S2466,0.2249208008215588,0,Low,0.8851292172332974,1,High
S2467,0.5017786555164281,1,Medium,0.3651171672680975,1,Medium
S2468,0.039067506101370476,0,Low,0.024544130569084114,0,Low
S2469,0.0999287112485745,0,Low,0.19969776073411588,0,Low
S2470,0.3278507156043236,1,Medium,0.787626614749094,1,High
S2471,0.19562584246427997,0,Low,0.16454247935015376,0,Low
S2472,0.19202885059483177,0,Low,0.6639934454295562,1,High
S2473,0.8677113002775353,1,High,0.28472769056377,1,Medium
S2474,0.15768000563845705,0,Low,0.5913241430391393,1,High
S2475,0.0007297740372612754,0,Low,0.6351479241474547,1,High
S2476,0.27915307839369186,0,Low,0.07646686182168931,0,Low
S2477,0.49669517837506855,1,Medium,0.13787243321776949,0,Low
S2478,0.17897686236315272,0,Low,0.254682079469334,1,Medium
S2479,0.7292150029895934,1,High,0.12253377648838938,0,Low
S2480,0.01987278639355217,0,Low,0.1663168235222696,0,Low
S2481,0.6122966034640641,1,High,0.15933633042292827,0,Low
S2482,0.4960769953048366,1,Medium,0.1509898388107292,0,Low
S2483,0.1546307319493092,0,Low,0.6981361442673979,1,High
S2484,0.6711300515045738,1,High,0.12973064357041167,0,Low
S2485,0.18433673179221582,0,Low,0.13502066568333745,0,Low
S2486,0.00024271829712120164,0,Low,0.15627525180974963,0,Low
S2487,0.2802653027186684,0,Low,0.2624265641841389,1,Medium
S2488,0.533883925098724,1,Medium,0.2623483428955985,1,Medium
S2489,0.7458782763102961,1,High,0.5264436074850464,1,High
S2490,0.4900707481149581,1,Medium,0.5560285152498966,1,High
S2491,0.8384041996373925,1,High,0.11767147621674914,0,Low
S2492,0.5305899468823824,1,Medium,0.620445673537222,1,High
S2493,0.16776262578185006,0,Low,0.2532953627878866,1,Medium
S2494,0.3228284778527467,1,Medium,0.8022803816584537,1,High
S2495,0.6280760000739188,1,High,0.6654540208977625,1,High
S2496,0.26822983652339,0,Low,0.3087508403859678,1,Medium
S2497,0.9546720831153781,1,High,0.8216630245557519,1,High
S2498,0.12382237129747987,0,Low,0.44216575313297113,1,Medium
S2499,0.6381096560591931,1,High,0.5754013080009456,1,High
S2500,0.06263062208234908,0,Low,0.49913565748732824,1,Medium
S2501,0.05801915042423702,0,Low,0.3100461687623979,1,Medium
S2502,0.06443956011463338,0,Low,0.09870502607828145,0,Low
S2503,0.054644527028743735,0,Low,0.13806879065054978,0,Low
S2504,0.13446231548472412,0,Low,0.4518434824926871,1,Medium
S2505,0.3535875014205485,1,Medium,0.0964772467786023,0,Low
S2506,0.1447908891218265,0,Low,0.07643896965326502,0,Low
S2507,0.2978982933039774,0,Low,0.5733036573022724,1,High
S2508,0.41970440072069,1,Medium,0.20648903533854718,1,Medium
S2509,0.7538664374013153,1,High,0.9095073575720367,1,High
S2510,0.03725157251417403,0,Low,0.17154034246099828,0,Low
S2511,0.06199264889242672,0,Low,0.17279315418935234,0,Low
S2512,0.262560028621627,0,Low,0.34095969749107385,1,Medium
S2513,0.11686259462651251,0,Low,0.19712542129517432,0,Low
S2514,0.16407092123683256,0,Low,0.698517872930407,1,High
S2515,0.32065126116589615,1,Medium,0.2871753338507061,1,Medium
S2516,0.3925052710011067,1,Medium,0.10603512003839864,0,Low
S2517,0.12984427661289077,0,Low,0.23272848723724437,1,Medium
S2518,0.03808546613492587,0,Low,0.10217665931814406,0,Low
S2519,0.3129038442794594,1,Medium,0.32301886983087347,1,Medium
S2520,0.026937378875424425,0,Low,0.04326385035605427,0,Low
S2521,0.7110824117017198,1,High,0.7003693005399904,1,High
S2522,0.2054031683903393,0,Low,0.5573171897733664,1,High
S2523,0.381158499649023,1,Medium,0.1448632918343736,0,Low
S2524,0.06063367310783923,0,Low,0.40449822545978964,1,Medium
S2525,0.03778231214167345,0,Low,0.4986060681873609,1,Medium
S2526,0.4166707576810051,1,Medium,0.8111584368178825,1,High
S2527,0.12777303414200067,0,Low,0.35566805797103995,1,Medium
S2528,0.5342820147398246,1,Medium,0.20647203915483023,1,Medium
S2529,0.09924071687658916,0,Low,0.041246659805290985,0,Low
S2530,0.3359236664916505,1,Medium,0.0027690782240279454,0,Low
S2531,0.19463081341296196,0,Low,0.3883031942334629,1,Medium
S2532,0.6439789122269713,1,High,0.002403972943206337,0,Low
S2533,0.3502320159400545,1,Medium,0.34964927085304004,1,Medium
S2534,0.10332018675061694,0,Low,0.0751523835415072,0,Low
S2535,0.5895325242357148,1,Medium,0.5501432175908029,1,High
S2536,0.02828000379538941,0,Low,0.6428522447726872,1,High
S2537,0.4495557499850252,1,Medium,0.05016313059290999,0,Low
S2538,0.4192188395559654,1,Medium,0.7690836600573668,1,High
S2539,0.35926155946892013,1,Medium,0.0791083194480412,0,Low
S2540,0.4086140363802182,1,Medium,0.07472686131582384,0,Low
S2541,0.21449015800810092,0,Low,0.48390057464333797,1,Medium
S2542,0.5220899743472114,1,Medium,0.2621939337402781,1,Medium
S2543,0.07903823181683457,0,Low,0.1382540127280165,0,Low
S2544,0.0504185692071385,0,Low,0.6623011692807969,1,High
S2545,0.6512962742948809,1,High,0.6477345625792885,1,High
S2546,0.058143016625298645,0,Low,0.35826540999768386,1,Medium
S2547,0.14727673579956183,0,Low,0.06241975630548156,0,Low
S2548,0.10473054107779646,0,Low,0.7254608165772374,1,High
S2549,0.14506917028997343,0,Low,0.2195593533672276,1,Medium
S2550,0.2742932894484851,0,Low,0.7206841192756747,1,High
S2551,0.0576559610044157,0,Low,0.11913654842266724,0,Low
S2552,0.2953771647114072,0,Low,0.7836744599881686,1,High
S2553,0.5670292723812999,1,Medium,0.9532870623607881,1,High
S2554,0.22355116337255782,0,Low,0.09653379833920644,0,Low
S2555,0.0029232935601788915,0,Low,0.153920241761919,0,Low
S2556,0.12399817954458792,0,Low,0.6436638892021553,1,High
S2557,2.5337908491656997e-05,0,Low,0.060202361318954956,0,Low
S2558,0.4510562555423035,1,Medium,0.5072333211611849,1,High
S2559,0.13957275204274686,0,Low,0.30064907628733173,1,Medium
S2560,0.246295827350063,0,Low,0.5147287591592584,1,High
S2561,0.45391138229454736,1,Medium,0.6912442333561386,1,High
S2562,0.02062565155097981,0,Low,0.4150151022198269,1,Medium
S2563,0.467482819742225,1,Medium,0.1551479825447955,0,Low
S2564,0.34306034727068996,1,Medium,0.21542658007987778,1,Medium
S2565,0.49625181192774037,1,Medium,0.10787053648618797,0,Low
S2566,0.012390033795764529,0,Low,0.09098272099206609,0,Low
S2567,0.10327684127452011,0,Low,0.1959938892683744,0,Low
S2568,0.4887916620970711,1,Medium,0.21321214345881223,1,Medium
S2569,0.06963563062942398,0,Low,0.7268883034875842,1,High
S2570,0.1973857262624078,0,Low,0.13928598653552868,0,Low
S2571,0.8172478034843259,1,High,0.5883447516742069,1,High
S2572,0.4236850442970997,1,Medium,0.52918189476036,1,High
S2573,0.07305910943759104,0,Low,0.2707808659412601,1,Medium
S2574,0.032320286549235175,0,Low,0.42467278240198536,1,Medium
S2575,0.18598178456005696,0,Low,0.6046640126036723,1,High
S2576,0.16605968142080849,0,Low,0.223462616368976,1,Medium
S2577,0.13040140914201687,0,Low,0.043147330988698135,0,Low
S2578,0.09109349827432431,0,Low,0.762855306013607,1,High
S2579,0.7185633626128665,1,High,0.6061226967277713,1,High
S2580,0.43811114532492856,1,Medium,0.21353063668135513,1,Medium
S2581,0.5330599660317282,1,Medium,0.4208811117133352,1,Medium
S2582,0.7486175971037178,1,High,0.4677178604088374,1,Medium
S2583,0.17967065842309474,0,Low,0.3360254604960871,1,Medium
S2584,0.4468804812189313,1,Medium,0.3324734904705066,1,Medium
S2585,0.5221897584245367,1,Medium,0.0833650641091812,0,Low
S2586,0.17441018244678647,0,Low,0.125850904743627,0,Low
S2587,0.5445645461561909,1,Medium,0.13659441920774804,0,Low
S2588,0.020331093275584723,0,Low,0.09476706727162003,0,Low
S2589,0.21727506344617617,0,Low,0.4713447588215631,1,Medium
S2590,0.09899792578550284,0,Low,0.34160985191761295,1,Medium
S2591,0.14970943229850844,0,Low,0.9121539637055693,1,High
S2592,0.19789322065612341,0,Low,0.19892137166121143,0,Low
S2593,0.10670964947842836,0,Low,0.7080762015841058,1,High
S2594,0.040706143104664534,0,Low,0.12810425242443774,0,Low
S2595,0.06481516701675735,0,Low,0.008335309711599544,0,Low
S2596,0.45549820580870104,1,Medium,0.5375330289410497,1,High
S2597,0.5980215996916929,1,Medium,0.012915105494202545,0,Low
S2598,0.06898827504320378,0,Low,0.12632403988330626,0,Low
S2599,0.18207193460704532,0,Low,0.6055324246193651,1,High
S2600,0.12422856748094449,0,Low,0.16531357763994742,0,Low
S2601,0.9258777386818412,1,High,0.2609249955976458,1,Medium
S2602,0.07086239025295359,0,Low,0.3320995886440069,1,Medium
S2603,0.08071306450757725,0,Low,0.5022213608565436,1,High
S2604,0.29301946764177095,0,Low,0.2770947407265745,1,Medium
S2605,0.5393005000146502,1,Medium,0.16013536674172643,0,Low
S2606,0.40279045764928145,1,Medium,0.1855385035419904,0,Low
S2607,0.1976860320907226,0,Low,0.1699049211724861,0,Low
S2608,0.11350821579656552,0,Low,0.18135915154368298,0,Low
S2609,0.49217915622939995,1,Medium,0.31787079225118114,1,Medium
S2610,0.38072991296778624,1,Medium,0.1914531917414319,0,Low
S2611,0.32607913550513273,1,Medium,0.33510205726606157,1,Medium
S2612,0.6237107269149522,1,High,0.09390164762821793,0,Low
S2613,0.09379436584103965,0,Low,0.6621347700467343,1,High
S2614,0.291822023784142,0,Low,0.6238130819265217,1,High
S2615,0.06072057862603628,0,Low,0.06548105776994328,0,Low
S2616,0.09260659831559323,0,Low,0.5717438533797783,1,High
S2617,0.18638564442298305,0,Low,0.22944462805496685,1,Medium
S2618,0.5373425708275942,1,Medium,0.7066816677985115,1,High
S2619,0.15340471721276017,0,Low,0.22644712394076236,1,Medium
S2620,0.6791256905496118,1,High,0.8521939922712614,1,High
S2621,0.10865129328498724,0,Low,0.22667811405156366,1,Medium
S2622,0.5512839387226172,1,Medium,0.11938646429815446,0,Low
S2623,0.09569236387674433,0,Low,0.21449460598422146,1,Medium
S2624,0.2692150049109852,0,Low,0.5899754441068781,1,High
S2625,0.3639098667891763,1,Medium,0.10204944707623145,0,Low
S2626,0.2567981830260464,0,Low,0.7531324821257103,1,High
S2627,0.4596607568592275,1,Medium,0.5558447722100833,1,High
S2628,0.11661918402117394,0,Low,0.2319329891396366,1,Medium
S2629,0.9351212102367258,1,High,0.7519745983920906,1,High
S2630,0.13353019084443454,0,Low,0.7034193751744502,1,High
S2631,0.07400358621539076,0,Low,0.7587565950489042,1,High
S2632,0.39212966157919654,1,Medium,0.4349220098899691,1,Medium
S2633,0.47254353197346954,1,Medium,0.3477965674552507,1,Medium
S2634,0.7170257316574805,1,High,0.018525464707538002,0,Low
S2635,0.6641421625143457,1,High,0.3572247793656178,1,Medium
S2636,0.3970640643748848,1,Medium,0.2672447433318449,1,Medium
S2637,0.36835079056268855,1,Medium,0.5631127065715638,1,High
S2638,0.8854073656549815,1,High,0.051926594607308196,0,Low
S2639,0.28797968938006224,0,Low,0.8755262506501665,1,High
S2640,0.1211099232382922,0,Low,0.04100007138935501,0,Low
S2641,0.12289941994715213,0,Low,0.1593941850534044,0,Low
S2642,0.01889377886666456,0,Low,0.7480402989527574,1,High
S2643,0.21933415552967003,0,Low,0.475390477519076,1,Medium
S2644,0.10330482913377682,0,Low,0.20918602783743834,1,Medium
S2645,0.37823012361815567,1,Medium,0.14088612807529288,0,Low
S2646,0.16046359827773138,0,Low,0.038382060168005126,0,Low
S2647,0.3452476785963003,1,Medium,0.053828603628412734,0,Low
S2648,0.36835224183962584,1,Medium,0.6344324419610269,1,High
S2649,0.4119506916107114,1,Medium,0.16370615851558218,0,Low
S2650,0.04564866288112897,0,Low,0.11103660114420043,0,Low
S2651,0.39879381119653634,1,Medium,0.11321758046608658,0,Low
S2652,0.3313838777521588,1,Medium,0.2996443650946436,1,Medium
S2653,0.06786261087704533,0,Low,0.582422754145847,1,High
S2654,0.02694174542175718,0,Low,0.43630760254940587,1,Medium
S2655,0.2278928062263015,0,Low,0.21782540162815064,1,Medium
S2656,0.31801815168012026,1,Medium,0.906973238561639,1,High
S2657,0.13576513193407952,0,Low,0.8275553656021554,1,High
S2658,0.7147848952703216,1,High,0.5885574444319309,1,High
S2659,0.040527463495685326,0,Low,0.17733484659611762,0,Low
S2660,0.0010175472550038218,0,Low,0.1189070175266092,0,Low
S2661,0.07048211330876533,0,Low,0.028935956582498232,0,Low
S2662,0.6299426301468782,1,High,0.391792756187524,1,Medium
S2663,0.10621656504391022,0,Low,0.5758796754668138,1,High
S2664,0.6717712967251993,1,High,0.11135181715359206,0,Low
S2665,0.3249050449650115,1,Medium,0.07609082519754452,0,Low
S2666,0.04796180348386146,0,Low,0.5774396540636578,1,High
S2667,0.48485962326639787,1,Medium,0.7542815921985438,1,High
S2668,0.040577260427562704,0,Low,0.1966551706220218,0,Low
S2669,0.017419254391686984,0,Low,0.4085165626698233,1,Medium
S2670,0.7373801132525016,1,High,0.9606697997455357,1,High
S2671,0.26673331117731397,0,Low,0.39611282696124567,1,Medium
S2672,0.23581475659146303,0,Low,0.04713843631863104,0,Low
S2673,0.5461537833909841,1,Medium,0.02905274505120047,0,Low
S2674,0.39198511355468946,1,Medium,0.45534351918722155,1,Medium
S2675,0.029337829554102073,0,Low,0.057429269413840495,0,Low
S2676,0.0458679839265155,0,Low,0.0454933120602732,0,Low
S2677,0.04380387760596325,0,Low,0.2045047395927172,1,Medium
S2678,0.4719249183199616,1,Medium,0.7637662155478719,1,High
S2679,0.8352106407615053,1,High,0.17067597913397473,0,Low
S2680,0.08062927042966254,0,Low,0.9312866852943892,1,High
S2681,0.36261328885086275,1,Medium,0.03585499432954624,0,Low
S2682,0.15524470090777973,0,Low,0.3467858232547263,1,Medium
S2683,0.714904739172995,1,High,0.05171066969153392,0,Low
S2684,0.06859967822118111,0,Low,0.2177516424252496,1,Medium
S2685,0.5582055408166454,1,Medium,0.15969963473361803,0,Low
S2686,0.14352023602220398,0,Low,0.6548958059519966,1,High
S2687,0.14327024797660654,0,Low,0.4248604738952711,1,Medium
S2688,0.13903540089377714,0,Low,0.37986778271295557,1,Medium
S2689,0.09047924292423527,0,Low,0.4626282883401452,1,Medium
S2690,0.4509351102962626,1,Medium,0.21378912454702376,1,Medium
S2691,0.10221790806760105,0,Low,0.25955111938004854,1,Medium
S2692,0.2774243989825828,0,Low,0.5040271539934401,1,High
S2693,0.09915508321180135,0,Low,0.15247548381199877,0,Low
S2694,0.0007818483051010899,0,Low,0.013139379403681796,0,Low
S2695,0.10300570729639366,0,Low,0.7862666832455314,1,High
S2696,0.5638081280816873,1,Medium,0.14497195603592483,0,Low
S2697,0.11342511456740857,0,Low,0.407839292116735,1,Medium
S2698,0.07228081228868107,0,Low,0.33133698255179517,1,Medium
S2699,0.06677372127143703,0,Low,0.3198208573324143,1,Medium
S2700,0.17089502926176875,0,Low,0.28767119397907454,1,Medium
S2701,0.7466928910873164,1,High,0.09287656328742555,0,Low
S2702,0.0495020312603054,0,Low,0.19578864316095457,0,Low
S2703,0.5488030538742911,1,Medium,0.19037124542964046,0,Low
S2704,0.008482213718739839,0,Low,0.4365974409770751,1,Medium
S2705,0.11598285023677062,0,Low,0.08570472708611311,0,Low
S2706,0.4861197896875216,1,Medium,0.06144825251326372,0,Low
S2707,0.189731151740666,0,Low,0.4317748480078974,1,Medium
S2708,0.7626823348642596,1,High,0.12494932342075744,0,Low
S2709,0.7985631872440376,1,High,0.024867437166157524,0,Low
S2710,0.3928477314712825,1,Medium,0.09310001098868792,0,Low
S2711,0.18850724134611238,0,Low,0.19554139540665744,0,Low
S2712,0.14646332844191473,0,Low,0.23296490674644255,1,Medium
S2713,0.28785831473923046,0,Low,0.4546729444577286,1,Medium
S2714,0.09094813387347393,0,Low,0.8101918149153279,1,High
S2715,0.6763558292241907,1,High,0.24426553494615708,1,Medium
S2716,0.6093292115573331,1,High,0.029816902538439258,0,Low
S2717,0.04999032346293158,0,Low,0.1958435069336693,0,Low
S2718,0.38195204510286446,1,Medium,0.28054386850837615,1,Medium
S2719,0.21240461652528414,0,Low,0.30074435274838335,1,Medium
S2720,0.31644513212148173,1,Medium,0.010683652362867542,0,Low
S2721,0.06760781223139573,0,Low,0.19866963934563409,0,Low
S2722,0.4230837672648563,1,Medium,0.1607379144724402,0,Low
S2723,0.04893668981974507,0,Low,0.23779143170971406,1,Medium
S2724,0.05182011375164943,0,Low,0.11012544562578931,0,Low
S2725,0.33225761316168784,1,Medium,0.17395288471931203,0,Low
S2726,0.2116581681813433,0,Low,0.228552928946741,1,Medium
S2727,0.40283864727075785,1,Medium,0.958833122975228,1,High
S2728,0.45360100490134536,1,Medium,0.3384469272816183,1,Medium
S2729,0.1788469743842309,0,Low,0.07370630976716486,0,Low
S2730,0.5313947464064073,1,Medium,0.38673601675639613,1,Medium
S2731,0.08744351036624806,0,Low,0.03274745649281638,0,Low
S2732,0.07206128788786172,0,Low,0.2697226497125713,1,Medium
S2733,0.48169552264363147,1,Medium,0.15797240227288242,0,Low
S2734,0.5210732827438735,1,Medium,0.25422746612473207,1,Medium
S2735,0.03721272907113384,0,Low,0.6562028459392306,1,High
S2736,0.0024948617299365913,0,Low,0.053434017812838366,0,Low
S2737,0.32361276462787997,1,Medium,0.10952041575627325,0,Low
S2738,0.6144801273874114,1,High,0.4252234167064827,1,Medium
S2739,0.21156499845805404,0,Low,0.15034531710733198,0,Low
S2740,0.20889117668854434,0,Low,0.14514252231880545,0,Low
S2741,0.3457691448688439,1,Medium,0.6454776335531862,1,High
S2742,0.0662853904469232,0,Low,0.35814270733282194,1,Medium
S2743,0.6770030692205972,1,High,0.34112884582795466,1,Medium
S2744,0.2516927116397874,0,Low,0.37020774033566584,1,Medium
S2745,0.5360951146858492,1,Medium,0.420177962263961,1,Medium
S2746,0.36257982940959266,1,Medium,0.3759240853042879,1,Medium
S2747,0.4678572526963197,1,Medium,0.07778341727673978,0,Low
S2748,0.3404445819248538,1,Medium,0.33343586737526626,1,Medium
S2749,0.6369343212901271,1,High,0.1276298637387366,0,Low
S2750,0.06034449961018984,0,Low,0.007975371610755967,0,Low
S2751,0.032923704490319915,0,Low,0.06893123967536331,0,Low
S2752,0.14108994931469127,0,Low,0.19928113181829094,0,Low
S2753,0.028334434412521873,0,Low,0.21205076551343802,1,Medium
S2754,0.15941569512904014,0,Low,0.0360332096402781,0,Low
S2755,0.9203516395421447,1,High,0.7505431103166336,1,High
S2756,0.3831124129530653,1,Medium,0.5170483546982564,1,High
S2757,0.44003825678623343,1,Medium,0.8013645662369071,1,High
S2758,0.020933326493417306,0,Low,0.15914464211813342,0,Low
S2759,0.8137588350255797,1,High,0.10805624189122405,0,Low
S2760,0.5133194315767847,1,Medium,0.09473544045322081,0,Low
S2761,0.07662947279011004,0,Low,0.640744503133639,1,High
S2762,0.4200450728008075,1,Medium,0.2702374597680278,1,Medium
S2763,0.12253932506178565,0,Low,0.42689420847592396,1,Medium
S2764,0.5291851350219452,1,Medium,0.3977229077430971,1,Medium
S2765,0.3817135553155309,1,Medium,0.7845783884316102,1,High
S2766,0.0413300506447046,0,Low,0.5053244590112408,1,High
S2767,0.4170115796608341,1,Medium,0.048987661101137406,0,Low
S2768,0.10818673305792896,0,Low,0.14151232789352305,0,Low
S2769,0.653689523259914,1,High,0.03033118430824411,0,Low
S2770,0.39682491528706537,1,Medium,0.42568268548316035,1,Medium
S2771,0.290430291352963,0,Low,0.42058168291291187,1,Medium
S2772,0.22877910440762583,0,Low,0.44941357677066185,1,Medium
S2773,0.07675532229457203,0,Low,0.047256178983172296,0,Low
S2774,0.40005494413699577,1,Medium,0.18385166775074818,0,Low
S2775,0.1807157420780387,0,Low,0.14600144705119386,0,Low
S2776,0.09956233585408936,0,Low,0.19982647121911573,0,Low
S2777,0.03103153475170059,0,Low,0.6493941995518968,1,High
S2778,0.37395787919564555,1,Medium,0.30172050638197356,1,Medium
S2779,0.06534842285924887,0,Low,0.4357243018570263,1,Medium
S2780,0.516806922807921,1,Medium,0.12496125308828372,0,Low
S2781,0.034606811636588596,0,Low,0.3175506975313054,1,Medium
S2782,0.04578788269492018,0,Low,0.39863775039457877,1,Medium
S2783,0.08208943121679683,0,Low,0.7083094057556808,1,High
S2784,0.10302168732150319,0,Low,0.6173176716809025,1,High
S2785,0.1173642543780694,0,Low,0.5247020476521993,1,High
S2786,0.5386657044776743,1,Medium,0.23287516684946769,1,Medium
S2787,0.39693659692683003,1,Medium,0.021089841351209594,0,Low
S2788,0.06909777830911015,0,Low,0.8102043676341609,1,High
S2789,0.26004177248904764,0,Low,0.8418280134804882,1,High
S2790,0.023638011828547707,0,Low,0.07798853966272237,0,Low
S2791,0.047960892882008214,0,Low,0.15643254307580656,0,Low
S2792,0.5560973460400104,1,Medium,0.2510136758745105,1,Medium
S2793,0.5904689640302768,1,Medium,0.6171388129099866,1,High
S2794,0.7988775606969462,1,High,0.39540295258049074,1,Medium
S2795,0.4151781323704172,1,Medium,0.027710285506974158,0,Low
S2796,0.025713814831507583,0,Low,0.40630651255141953,1,Medium
S2797,0.35691509720410364,1,Medium,0.19772685553536765,0,Low
S2798,0.00886766158095178,0,Low,0.27342581913894676,1,Medium
S2799,0.11020269743887326,0,Low,0.3531438128121217,1,Medium
S2800,0.22377832553435256,0,Low,0.11041695551127699,0,Low
