student_id,success_score,success_tier,success_score_confidence,academic_risk_probability,academic_risk_tier,academic_priority_score,academic_trend,placement_risk_probability,placement_risk_tier,placement_priority_score,placement_trend,priority_score,priority_domain,priority_tier,intervention_required,recommended_action
S2497,46.37,Red,100.0,0.9547,High,100.0,Declining,0.8217,High,49.3,Stable,100.0,Academic,High,Yes,Academic mentoring - Faculty - 7d
S2450,69.19,Amber,100.0,0.8745,High,100.0,Declining,0.2759,Medium,16.55,Stable,100.0,Academic,High,Yes,Advisor review recommended - 7d
S2069,62.61,Amber,100.0,0.8838,High,100.0,Declining,0.0681,Low,4.09,Stable,100.0,Academic,High,Yes,Advisor review recommended - 7d
S2285,65.79,Amber,100.0,0.926,High,100.0,Declining,0.8939,High,53.63,Stable,100.0,Academic,High,Yes,Advisor review recommended - 7d
S2260,67.59,Amber,100.0,0.7588,High,91.06,Declining,0.9554,High,57.32,Stable,91.06,Academic,High,Yes,Academic mentoring - Faculty - 7d
S2701,73.01,Green,100.0,0.7467,High,89.6,Declining,0.0929,Low,5.57,Stable,89.6,Academic,High,Yes,Advisor review recommended - 7d
S2320,63.05,Amber,100.0,0.7407,High,88.88,Declining,0.0563,Low,3.38,Stable,88.88,Academic,High,Yes,Advisor review recommended - 7d
S2271,69.05,Amber,100.0,0.7148,High,85.78,Declining,0.457,Medium,27.42,Stable,85.78,Academic,High,Yes,Advisor review recommended - 7d
S2715,58.42,Amber,100.0,0.6764,High,81.17,Declining,0.2443,Medium,14.66,Stable,81.17,Academic,High,Yes,Advisor review recommended - 7d
S2664,71.79,Green,100.0,0.6718,High,80.62,Declining,0.1114,Low,6.68,Stable,80.62,Academic,High,Yes,Advisor review recommended - 7d
S2077,60.29,Amber,100.0,0.7292,High,70.0,Declining,0.3355,Medium,20.13,Stable,70.0,Academic,High,Yes,Academic mentoring - Faculty - 7d
S2054,72.99,Green,100.0,0.966,High,69.55,Declining,0.6794,High,40.76,Stable,69.55,Academic,High,Yes,Advisor review recommended - 7d
S2387,77.0,Green,100.0,0.9614,High,69.22,Declining,0.2753,Medium,16.52,Stable,69.22,Academic,High,Yes,Advisor review recommended - 7d
S2629,58.91,Amber,100.0,0.9351,High,67.33,Declining,0.752,High,45.12,Stable,67.33,Academic,High,Yes,Advisor review recommended - 7d
S2377,71.1,Green,100.0,0.9289,High,66.88,Declining,0.4533,Medium,27.2,Stable,66.88,Academic,High,Yes,Advisor review recommended - 7d
S2601,78.93,Green,100.0,0.9259,High,66.66,Declining,0.2609,Medium,15.65,Stable,66.66,Academic,High,Yes,Advisor review recommended - 7d
S2236,65.98,Amber,100.0,0.9209,High,66.3,Declining,0.3971,Medium,23.83,Stable,66.3,Academic,High,Yes,Advisor review recommended - 7d
S2027,69.15,Amber,100.0,0.9205,High,66.28,Declining,0.0026,Low,0.16,Stable,66.28,Academic,High,Yes,Advisor review recommended - 7d
S2263,70.57,Green,100.0,0.5434,Medium,65.21,Declining,0.1822,Low,10.93,Stable,65.21,Academic,High,Yes,Advisor review recommended - 7d
S2369,53.54,Amber,100.0,0.5322,Medium,63.86,Declining,0.7741,High,46.45,Stable,63.86,Academic,High,Yes,Academic mentoring - Faculty - 7d
S2638,70.55,Green,95.0,0.8854,High,63.75,Declining,0.0519,Low,3.11,Stable,63.75,Academic,High,Yes,Advisor review recommended - 7d
S2341,63.21,Amber,100.0,0.8846,High,63.69,Declining,0.2988,Medium,17.93,Stable,63.69,Academic,High,Yes,Advisor review recommended - 7d
S2473,74.59,Green,100.0,0.8677,High,62.47,Declining,0.2847,Medium,17.08,Stable,62.47,Academic,High,Yes,Advisor review recommended - 7d
S2283,70.41,Green,80.0,0.8675,High,62.46,Declining,0.3912,Medium,23.47,Stable,62.46,Academic,High,Yes,Advisor review recommended - 7d
S2143,65.11,Amber,100.0,0.8576,High,61.75,Declining,0.1277,Low,7.66,Stable,61.75,Academic,High,Yes,Advisor review recommended - 7d
S2007,82.47,Green,100.0,0.8505,High,61.24,Declining,0.4904,Medium,29.42,Stable,61.24,Academic,High,Yes,Advisor review recommended - 7d
S2491,81.2,Green,100.0,0.8384,High,60.36,Declining,0.1177,Low,7.06,Stable,60.36,Academic,High,Yes,Advisor review recommended - 7d
S2495,62.47,Amber,100.0,0.6281,High,60.3,Declining,0.6655,High,39.93,Stable,60.3,Academic,High,Yes,Academic mentoring - Faculty - 7d
S2679,66.49,Amber,100.0,0.8352,High,60.13,Declining,0.1707,Low,10.24,Stable,60.13,Academic,High,Yes,Advisor review recommended - 7d
S2141,59.39,Amber,100.0,0.8222,High,59.2,Declining,0.4962,Medium,29.77,Stable,59.2,Academic,Medium,Yes,Monitor student - 14d
S2262,71.78,Green,100.0,0.4326,Medium,31.15,Declining,0.9808,High,58.85,Stable,58.85,Placement,Medium,Yes,Monitor student - 14d
S2571,65.9,Amber,100.0,0.8172,High,58.84,Declining,0.5883,High,35.3,Stable,58.84,Academic,Medium,Yes,Monitor student - 14d
S2490,73.09,Green,95.0,0.4901,Medium,58.81,Declining,0.556,High,33.36,Stable,58.81,Academic,Medium,Yes,Monitor student - 14d
S2434,49.16,Red,95.0,0.1663,Low,19.96,Declining,0.9793,High,58.76,Stable,58.76,Placement,Medium,Yes,Monitor student - 14d
S2416,71.28,Green,100.0,0.8152,High,58.69,Declining,0.0361,Low,2.17,Stable,58.69,Academic,Medium,Yes,Monitor student - 14d
S2759,76.05,Green,100.0,0.8138,High,58.59,Declining,0.1081,Low,6.49,Stable,58.59,Academic,Medium,Yes,Monitor student - 14d
S2670,71.37,Green,100.0,0.7374,High,53.09,Declining,0.9607,High,57.64,Stable,57.64,Placement,Medium,Yes,Monitor student - 14d
S2052,69.67,Amber,100.0,0.2422,Low,14.53,Stable,0.9604,High,57.62,Stable,57.62,Placement,Medium,Yes,Monitor student - 14d
S2324,75.72,Green,100.0,0.1543,Low,7.41,Improving,0.9598,High,57.59,Stable,57.59,Placement,Medium,Yes,Monitor student - 14d
S2727,66.87,Amber,100.0,0.4028,Medium,19.33,Improving,0.9588,High,57.53,Stable,57.53,Placement,Medium,Yes,Monitor student - 14d
S2709,78.12,Green,100.0,0.7986,High,57.5,Declining,0.0249,Low,1.49,Stable,57.5,Academic,Medium,Yes,Monitor student - 14d
S2182,63.48,Amber,100.0,0.4778,Medium,57.34,Declining,0.6045,High,36.27,Stable,57.34,Academic,Medium,Yes,Monitor student - 14d
S2553,71.21,Green,100.0,0.567,Medium,27.22,Improving,0.9533,High,57.2,Stable,57.2,Placement,Medium,Yes,Monitor student - 14d
S2375,76.36,Green,100.0,0.3568,Medium,35.68,Stable,0.9405,High,56.43,Stable,56.43,Placement,Medium,Yes,Monitor student - 14d
S2680,78.17,Green,100.0,0.0806,Low,9.67,Declining,0.9313,High,55.88,Stable,55.88,Placement,Medium,Yes,Monitor student - 14d
S2248,71.6,Green,100.0,0.3268,Medium,23.53,Declining,0.9307,High,55.84,Stable,55.84,Placement,Medium,Yes,Monitor student - 14d
S2038,65.88,Amber,100.0,0.4622,Medium,55.46,Declining,0.9224,High,55.34,Stable,55.46,Academic,Medium,Yes,Academic mentoring - Faculty - 7d
S2025,79.1,Green,100.0,0.0094,Low,0.45,Improving,0.9237,High,55.42,Stable,55.42,Placement,Medium,Yes,Monitor student - 14d
S2222,72.67,Green,100.0,0.3808,Medium,18.28,Improving,0.9186,High,55.12,Stable,55.12,Placement,Medium,Yes,Monitor student - 14d
S2091,73.77,Green,100.0,0.2047,Low,12.28,Stable,0.9174,High,55.04,Stable,55.04,Placement,Medium,Yes,Monitor student - 14d
S2173,65.84,Amber,100.0,0.0825,Low,9.9,Declining,0.9147,High,54.88,Stable,54.88,Placement,Medium,Yes,Monitor student - 14d
S2591,71.08,Green,100.0,0.1497,Low,8.98,Stable,0.9122,High,54.73,Stable,54.73,Placement,Medium,Yes,Monitor student - 14d
S2509,75.68,Green,100.0,0.7539,High,45.23,Stable,0.9095,High,54.57,Stable,54.57,Placement,Medium,Yes,Monitor student - 14d
S2656,77.74,Green,100.0,0.318,Medium,15.26,Improving,0.907,High,54.42,Stable,54.42,Placement,Medium,Yes,Monitor student - 14d
S2070,62.38,Amber,100.0,0.2077,Low,20.77,Stable,0.904,High,54.24,Stable,54.24,Placement,Medium,Yes,Monitor student - 14d
S2421,74.18,Green,100.0,0.7533,High,54.24,Declining,0.6866,High,41.2,Stable,54.24,Academic,Medium,Yes,Monitor student - 14d
S2064,81.14,Green,100.0,0.7513,High,54.09,Declining,0.1948,Low,11.69,Stable,54.09,Academic,Medium,Yes,Monitor student - 14d
S2582,74.38,Green,100.0,0.7486,High,53.9,Declining,0.4677,Medium,28.06,Stable,53.9,Academic,Medium,Yes,Monitor student - 14d
S2466,76.64,Green,100.0,0.2249,Low,16.19,Declining,0.8851,High,53.11,Stable,53.11,Placement,Medium,Yes,Monitor student - 14d
S2318,68.24,Amber,100.0,0.6118,High,29.37,Improving,0.8839,High,53.03,Stable,53.03,Placement,Medium,Yes,Monitor student - 14d
S2757,66.27,Amber,100.0,0.44,Medium,52.8,Declining,0.8014,High,48.08,Stable,52.8,Academic,Medium,Yes,Monitor student - 14d
S2083,77.4,Green,100.0,0.0288,Low,2.07,Declining,0.8773,High,52.64,Stable,52.64,Placement,Medium,Yes,Monitor student - 14d
S2639,68.12,Amber,100.0,0.288,Low,28.8,Stable,0.8755,High,52.53,Stable,52.53,Placement,Medium,Yes,Monitor student - 14d
S2479,83.58,Green,100.0,0.7292,High,52.5,Declining,0.1225,Low,7.35,Stable,52.5,Academic,Medium,Yes,Monitor student - 14d
S2349,72.64,Green,100.0,0.2959,Low,17.75,Stable,0.8738,High,52.43,Stable,52.43,Placement,Medium,Yes,Monitor student - 14d
S2203,60.96,Amber,100.0,0.5405,Medium,51.89,Declining,0.3715,Medium,22.29,Stable,51.89,Academic,Medium,Yes,Academic mentoring - Faculty - 7d
S2206,69.2,Amber,100.0,0.394,Medium,18.91,Improving,0.8636,High,51.82,Stable,51.82,Placement,Medium,Yes,Monitor student - 14d
S2089,79.52,Green,95.0,0.7188,High,51.75,Declining,0.624,High,37.44,Stable,51.75,Academic,Medium,Yes,Monitor student - 14d
S2078,60.1,Amber,100.0,0.2327,Low,16.75,Declining,0.8624,High,51.74,Stable,51.74,Placement,Medium,Yes,Monitor student - 14d
S2278,71.73,Green,100.0,0.571,Medium,27.41,Improving,0.8623,High,51.74,Stable,51.74,Placement,Medium,Yes,Monitor student - 14d
S2634,67.44,Amber,100.0,0.717,High,51.62,Declining,0.0185,Low,1.11,Stable,51.62,Academic,Medium,Yes,Monitor student - 14d
S2412,81.71,Green,100.0,0.8601,High,51.61,Stable,0.156,Low,9.36,Stable,51.61,Academic,Medium,Yes,Monitor student - 14d
S2532,74.9,Green,80.0,0.644,High,51.52,Improving,0.0024,Low,0.14,Stable,51.52,Academic,Medium,Yes,Monitor student - 14d
S2683,79.64,Green,100.0,0.7149,High,51.47,Declining,0.0517,Low,3.1,Stable,51.47,Academic,Medium,Yes,Monitor student - 14d
S2176,75.19,Green,100.0,0.855,High,51.3,Stable,0.4433,Medium,26.6,Stable,51.3,Academic,Medium,Yes,Monitor student - 14d
S2521,66.03,Amber,100.0,0.7111,High,51.2,Declining,0.7004,High,42.02,Stable,51.2,Academic,Medium,Yes,Monitor student - 14d
S2620,77.98,Green,100.0,0.6791,High,32.6,Improving,0.8522,High,51.13,Stable,51.13,Placement,Medium,Yes,Monitor student - 14d
S2246,83.06,Green,100.0,0.7073,High,50.93,Declining,0.0585,Low,3.51,Stable,50.93,Academic,Medium,Yes,Monitor student - 14d
S2155,75.86,Green,100.0,0.8471,High,50.83,Stable,0.2984,Medium,17.9,Stable,50.83,Academic,Medium,Yes,Monitor student - 14d
S2109,78.89,Green,100.0,0.037,Low,2.66,Declining,0.8471,High,50.83,Stable,50.83,Placement,Medium,Yes,Monitor student - 14d
S2015,76.48,Green,100.0,0.7041,High,50.7,Declining,0.1612,Low,9.67,Stable,50.7,Academic,Medium,Yes,Monitor student - 14d
S2290,62.5,Amber,100.0,0.7038,High,50.67,Declining,0.7591,High,45.55,Stable,50.67,Academic,Medium,Yes,Monitor student - 14d
S2789,65.08,Amber,100.0,0.26,Low,18.72,Declining,0.8418,High,50.51,Stable,50.51,Placement,Medium,Yes,Monitor student - 14d
S2336,78.11,Green,100.0,0.8418,High,50.51,Stable,0.0662,Low,3.97,Stable,50.51,Academic,Medium,Yes,Monitor student - 14d
S2008,84.6,Green,100.0,0.0232,Low,1.11,Improving,0.8409,High,50.45,Stable,50.45,Placement,Medium,Yes,Monitor student - 14d
S2063,77.83,Green,100.0,0.6995,High,50.36,Declining,0.0148,Low,0.89,Stable,50.36,Academic,Medium,Yes,Monitor student - 14d
S2303,67.08,Amber,100.0,0.7568,High,36.33,Improving,0.8385,High,50.31,Stable,50.31,Placement,Medium,Yes,Monitor student - 14d
S2274,71.43,Green,100.0,0.6937,High,49.95,Declining,0.3888,Medium,23.33,Stable,49.95,Academic,Medium,Yes,Monitor student - 14d
S2153,69.72,Amber,100.0,0.6926,High,49.87,Declining,0.8087,High,48.52,Stable,49.87,Academic,Medium,Yes,Monitor student - 14d
S2281,78.82,Green,100.0,0.532,Medium,38.3,Declining,0.8286,High,49.72,Stable,49.72,Placement,Medium,Yes,Monitor student - 14d
S2028,67.41,Amber,100.0,0.6898,High,49.67,Declining,0.0891,Low,5.35,Stable,49.67,Academic,Medium,Yes,Monitor student - 14d
S2657,83.22,Green,100.0,0.1358,Low,6.52,Improving,0.8276,High,49.66,Stable,49.66,Placement,Medium,Yes,Monitor student - 14d
S2291,79.4,Green,100.0,0.8271,High,49.63,Stable,0.7927,High,47.56,Stable,49.63,Academic,Medium,Yes,Monitor student - 14d
S2257,75.82,Green,100.0,0.1547,Low,7.43,Improving,0.8265,High,49.59,Stable,49.59,Placement,Medium,Yes,Monitor student - 14d
S2419,76.74,Green,100.0,0.0774,Low,4.64,Stable,0.826,High,49.56,Stable,49.56,Placement,Medium,Yes,Monitor student - 14d
S2247,58.7,Amber,100.0,0.6881,High,49.54,Declining,0.4007,Medium,24.04,Stable,49.54,Academic,Medium,Yes,Monitor student - 14d
S2361,75.27,Green,100.0,0.5926,Medium,42.67,Declining,0.8255,High,49.53,Stable,49.53,Placement,Medium,Yes,Monitor student - 14d
S2403,69.3,Amber,100.0,0.4081,Medium,48.97,Declining,0.0748,Low,4.49,Stable,48.97,Academic,Medium,Yes,Monitor student - 14d
S2154,77.54,Green,100.0,0.7271,High,43.63,Stable,0.815,High,48.9,Stable,48.9,Placement,Medium,Yes,Monitor student - 14d
S2526,76.71,Green,100.0,0.4167,Medium,20.0,Improving,0.8112,High,48.67,Stable,48.67,Placement,Medium,Yes,Monitor student - 14d
S2788,82.71,Green,95.0,0.0691,Low,4.15,Stable,0.8102,High,48.61,Stable,48.61,Placement,Medium,Yes,Monitor student - 14d
S2714,73.01,Green,100.0,0.0909,Low,9.09,Stable,0.8102,High,48.61,Stable,48.61,Placement,Medium,Yes,Monitor student - 14d
S2484,85.05,Green,100.0,0.6711,High,48.32,Declining,0.1297,Low,7.78,Stable,48.32,Academic,Medium,Yes,Monitor student - 14d
S2494,69.24,Amber,80.0,0.3228,Medium,38.74,Declining,0.8023,High,48.14,Stable,48.14,Placement,Medium,Yes,Monitor student - 14d
S2425,66.53,Amber,100.0,0.1677,Low,8.05,Improving,0.8008,High,48.05,Stable,48.05,Placement,Medium,Yes,Monitor student - 14d
S2794,78.33,Green,100.0,0.7989,High,47.93,Stable,0.3954,Medium,23.72,Stable,47.93,Academic,Medium,Yes,Monitor student - 14d
S2442,82.1,Green,100.0,0.0822,Low,5.92,Declining,0.7938,High,47.63,Stable,47.63,Placement,Medium,Yes,Monitor student - 14d
S2031,77.68,Green,100.0,0.0596,Low,3.58,Stable,0.7924,High,47.54,Stable,47.54,Placement,Medium,Yes,Monitor student - 14d
S2366,72.19,Green,100.0,0.6584,High,47.4,Declining,0.3952,Medium,23.71,Stable,47.4,Academic,Medium,Yes,Monitor student - 14d
S2076,81.35,Green,100.0,0.04,Low,2.4,Stable,0.7884,High,47.3,Stable,47.3,Placement,Medium,Yes,Monitor student - 14d
S2470,73.9,Green,100.0,0.3279,Medium,19.67,Stable,0.7876,High,47.26,Stable,47.26,Placement,Medium,Yes,Monitor student - 14d
S2205,62.44,Amber,100.0,0.6557,High,47.21,Declining,0.286,Medium,17.16,Stable,47.21,Academic,Medium,Yes,Monitor student - 14d
S2695,58.01,Amber,100.0,0.103,Low,12.36,Declining,0.7863,High,47.18,Stable,47.18,Placement,Medium,Yes,Academic mentoring - Faculty - 7d
S2765,71.62,Green,100.0,0.3817,Medium,45.8,Declining,0.7846,High,47.08,Stable,47.08,Placement,Medium,Yes,Monitor student - 14d
S2769,72.72,Green,100.0,0.6537,High,47.07,Declining,0.0303,Low,1.82,Stable,47.07,Academic,Medium,Yes,Monitor student - 14d
S2552,79.44,Green,100.0,0.2954,Low,21.27,Declining,0.7837,High,47.02,Stable,47.02,Placement,Medium,Yes,Monitor student - 14d
S2152,83.37,Green,100.0,0.6516,High,46.92,Declining,0.0806,Low,4.84,Stable,46.92,Academic,Medium,Yes,Monitor student - 14d
S2334,68.51,Amber,100.0,0.3732,Medium,17.91,Improving,0.7813,High,46.88,Stable,46.88,Placement,Medium,Yes,Monitor student - 14d
S2193,83.11,Green,100.0,0.1262,Low,7.57,Stable,0.7796,High,46.78,Stable,46.78,Placement,Medium,Yes,Monitor student - 14d
S2218,60.7,Amber,95.0,0.2551,Low,30.61,Declining,0.7791,High,46.75,Stable,46.75,Placement,Medium,Yes,Monitor student - 14d
S2538,68.2,Amber,100.0,0.4192,Medium,33.54,Stable,0.7691,High,46.15,Stable,46.15,Placement,Medium,Yes,Academic mentoring - Faculty - 7d
S2149,80.53,Green,100.0,0.4761,Medium,34.28,Declining,0.769,High,46.14,Stable,46.14,Placement,Medium,Yes,Monitor student - 14d
S2439,67.65,Amber,100.0,0.6409,High,46.14,Declining,0.0647,Low,3.88,Stable,46.14,Academic,Medium,Yes,Monitor student - 14d
S2749,82.47,Green,80.0,0.6369,High,45.86,Declining,0.1276,Low,7.66,Stable,45.86,Academic,Medium,Yes,Monitor student - 14d
S2678,73.94,Green,100.0,0.4719,Medium,33.98,Declining,0.7638,High,45.83,Stable,45.83,Placement,Medium,Yes,Monitor student - 14d
S2578,70.32,Green,100.0,0.0911,Low,10.93,Declining,0.7629,High,45.77,Stable,45.77,Placement,Medium,Yes,Monitor student - 14d
S2708,84.04,Green,95.0,0.7627,High,45.76,Stable,0.1249,Low,7.49,Stable,45.76,Academic,Medium,Yes,Monitor student - 14d
S2074,72.22,Green,100.0,0.0287,Low,2.3,Improving,0.7612,High,45.67,Stable,45.67,Placement,Medium,Yes,Monitor student - 14d
S2376,72.69,Green,100.0,0.3005,Medium,14.42,Improving,0.7607,High,45.64,Stable,45.64,Placement,Medium,Yes,Monitor student - 14d
S2043,71.21,Green,100.0,0.3486,Medium,41.83,Declining,0.7601,High,45.61,Stable,45.61,Placement,Medium,Yes,Monitor student - 14d
S2441,67.3,Amber,100.0,0.6329,High,45.57,Declining,0.0338,Low,2.03,Stable,45.57,Academic,Medium,Yes,Monitor student - 14d
S2122,79.09,Green,100.0,0.6325,High,45.54,Declining,0.2608,Medium,15.65,Stable,45.54,Academic,Medium,Yes,Monitor student - 14d
S2631,85.7,Green,80.0,0.074,Low,5.33,Declining,0.7588,High,45.53,Stable,45.53,Placement,Medium,Yes,Monitor student - 14d
S2461,79.41,Green,100.0,0.7583,High,45.5,Stable,0.1258,Low,7.55,Stable,45.5,Academic,Medium,Yes,Monitor student - 14d
S2385,59.26,Amber,100.0,0.4728,Medium,45.39,Declining,0.378,Medium,22.68,Stable,45.39,Academic,Medium,Yes,Academic mentoring - Faculty - 7d
S2029,72.87,Green,100.0,0.1135,Low,5.45,Improving,0.7562,High,45.37,Stable,45.37,Placement,Medium,Yes,Monitor student - 14d
S2662,74.82,Green,100.0,0.6299,High,45.35,Declining,0.3918,Medium,23.51,Stable,45.35,Academic,Medium,Yes,Monitor student - 14d
S2667,73.25,Green,100.0,0.4849,Medium,34.91,Declining,0.7543,High,45.26,Stable,45.26,Placement,Medium,Yes,Monitor student - 14d
S2626,81.51,Green,100.0,0.2568,Low,12.33,Improving,0.7531,High,45.19,Stable,45.19,Placement,Medium,Yes,Monitor student - 14d
S2456,74.42,Green,100.0,0.0949,Low,5.69,Stable,0.7524,High,45.14,Stable,45.14,Placement,Medium,Yes,Monitor student - 14d
S2359,65.96,Amber,100.0,0.9396,High,45.1,Improving,0.3189,Medium,19.13,Stable,45.1,Academic,Medium,Yes,Monitor student - 14d
S2459,87.38,Green,100.0,0.1176,Low,8.47,Declining,0.7509,High,45.05,Stable,45.05,Placement,Medium,Yes,Monitor student - 14d
S2755,74.33,Green,100.0,0.9204,High,44.18,Improving,0.7505,High,45.03,Stable,45.03,Placement,Medium,Yes,Monitor student - 14d
S2042,66.2,Amber,80.0,0.4497,Medium,44.97,Stable,0.1164,Low,6.98,Stable,44.97,Academic,Medium,Yes,Monitor student - 14d
S2195,71.29,Green,100.0,0.6244,High,44.96,Declining,0.0608,Low,3.65,Stable,44.96,Academic,Medium,Yes,Monitor student - 14d
S2409,84.78,Green,100.0,0.7482,High,44.89,Stable,0.3426,Medium,20.56,Stable,44.89,Academic,Medium,Yes,Monitor student - 14d
S2642,77.79,Green,100.0,0.0189,Low,1.36,Declining,0.748,High,44.88,Stable,44.88,Placement,Medium,Yes,Monitor student - 14d
S2177,77.24,Green,100.0,0.3304,Medium,15.86,Improving,0.744,High,44.64,Stable,44.64,Placement,Medium,Yes,Monitor student - 14d
S2082,67.42,Amber,100.0,0.6198,High,44.63,Declining,0.0487,Low,2.92,Stable,44.63,Academic,Medium,Yes,Monitor student - 14d
S2292,73.63,Green,100.0,0.3007,Medium,18.04,Stable,0.7368,High,44.21,Stable,44.21,Placement,Medium,Yes,Monitor student - 14d
S2481,81.35,Green,100.0,0.6123,High,44.09,Declining,0.1593,Low,9.56,Stable,44.09,Academic,Medium,Yes,Monitor student - 14d
S2360,80.1,Green,100.0,0.9126,High,43.8,Improving,0.5836,High,35.02,Stable,43.8,Academic,Medium,Yes,Monitor student - 14d
S2134,75.27,Green,100.0,0.3842,Medium,30.74,Improving,0.7292,High,43.75,Stable,43.75,Placement,Medium,Yes,Monitor student - 14d
S2018,80.46,Green,100.0,0.6066,High,43.68,Declining,0.2305,Medium,13.83,Stable,43.68,Academic,Medium,Yes,Monitor student - 14d
S2569,76.91,Green,100.0,0.0696,Low,3.34,Improving,0.7269,High,43.61,Stable,43.61,Placement,Medium,Yes,Monitor student - 14d
S2548,81.26,Green,100.0,0.1047,Low,6.28,Stable,0.7255,High,43.53,Stable,43.53,Placement,Medium,Yes,Monitor student - 14d
S2221,70.16,Green,100.0,0.4343,Medium,43.43,Stable,0.2138,Medium,12.83,Stable,43.43,Academic,Medium,Yes,Monitor student - 14d
S2272,73.0,Green,100.0,0.2546,Low,15.28,Stable,0.7222,High,43.33,Stable,43.33,Placement,Medium,Yes,Monitor student - 14d
S2090,77.55,Green,100.0,0.7214,High,43.28,Stable,0.4711,Medium,28.27,Stable,43.28,Academic,Medium,Yes,Monitor student - 14d
S2550,78.23,Green,100.0,0.2743,Low,13.17,Improving,0.7207,High,43.24,Stable,43.24,Placement,Medium,Yes,Monitor student - 14d
S2123,64.72,Amber,100.0,0.5992,Medium,43.14,Declining,0.4803,Medium,28.82,Stable,43.14,Academic,Medium,Yes,Monitor student - 14d
S2192,80.95,Green,95.0,0.5973,Medium,43.01,Declining,0.1432,Low,8.59,Stable,43.01,Academic,Medium,Yes,Monitor student - 14d
S2437,73.42,Green,100.0,0.7161,High,42.97,Stable,0.6707,High,40.24,Stable,42.97,Academic,Medium,Yes,Monitor student - 14d
S2337,72.46,Green,100.0,0.596,Medium,42.91,Declining,0.4431,Medium,26.59,Stable,42.91,Academic,Medium,Yes,Monitor student - 14d
S2249,70.98,Green,100.0,0.594,Medium,28.51,Improving,0.7113,High,42.68,Stable,42.68,Placement,Medium,Yes,Monitor student - 14d
S2340,76.74,Green,100.0,0.3204,Medium,23.07,Declining,0.7086,High,42.52,Stable,42.52,Placement,Medium,Yes,Monitor student - 14d
S2276,79.21,Green,100.0,0.4224,Medium,20.28,Improving,0.7084,High,42.5,Stable,42.5,Placement,Medium,Yes,Monitor student - 14d
S2783,69.3,Amber,100.0,0.0821,Low,6.57,Improving,0.7083,High,42.5,Stable,42.5,Placement,Medium,Yes,Monitor student - 14d
S2593,83.36,Green,100.0,0.1067,Low,10.67,Stable,0.7081,High,42.49,Stable,42.49,Placement,Medium,Yes,Monitor student - 14d
S2618,77.16,Green,100.0,0.5373,Medium,25.79,Improving,0.7067,High,42.4,Stable,42.4,Placement,Medium,Yes,Monitor student - 14d
S2111,74.94,Green,100.0,0.1331,Low,7.99,Stable,0.7057,High,42.34,Stable,42.34,Placement,Medium,Yes,Monitor student - 14d
S2405,81.3,Green,100.0,0.0133,Low,0.8,Stable,0.7035,High,42.21,Stable,42.21,Placement,Medium,Yes,Monitor student - 14d
S2630,70.38,Green,100.0,0.1335,Low,6.41,Improving,0.7034,High,42.2,Stable,42.2,Placement,Medium,Yes,Monitor student - 14d
S2233,60.92,Amber,100.0,0.351,Medium,42.12,Declining,0.1617,Low,9.7,Stable,42.12,Academic,Medium,Yes,Monitor student - 14d
S2533,60.32,Amber,100.0,0.3502,Medium,42.02,Declining,0.3496,Medium,20.98,Stable,42.02,Academic,Medium,Yes,Monitor student - 14d
S2514,76.26,Green,100.0,0.1641,Low,13.13,Improving,0.6985,High,41.91,Stable,41.91,Placement,Medium,Yes,Monitor student - 14d
S2389,67.03,Amber,100.0,0.6983,High,41.9,Stable,0.3096,Medium,18.58,Stable,41.9,Academic,Medium,Yes,Monitor student - 14d
S2483,68.5,Amber,100.0,0.1546,Low,18.55,Declining,0.6981,High,41.89,Stable,41.89,Placement,Medium,Yes,Monitor student - 14d
S2037,69.59,Amber,100.0,0.5816,Medium,41.88,Declining,0.1045,Low,6.27,Stable,41.88,Academic,Medium,Yes,Monitor student - 14d
S2418,73.78,Green,100.0,0.5807,Medium,41.81,Declining,0.4237,Medium,25.42,Stable,41.81,Academic,Medium,Yes,Monitor student - 14d
S2453,72.39,Green,100.0,0.5772,Medium,41.56,Declining,0.2616,Medium,15.7,Stable,41.56,Academic,Medium,Yes,Monitor student - 14d
S2561,73.27,Green,100.0,0.4539,Medium,27.23,Stable,0.6912,High,41.47,Stable,41.47,Placement,Medium,Yes,Monitor student - 14d
S2219,78.33,Green,100.0,0.5753,Medium,41.42,Declining,0.0228,Low,1.37,Stable,41.42,Academic,Medium,Yes,Monitor student - 14d
S2440,63.24,Amber,100.0,0.5081,Medium,36.58,Declining,0.6824,High,40.94,Stable,40.94,Placement,Medium,Yes,Monitor student - 14d
S2296,73.82,Green,100.0,0.2786,Low,16.72,Stable,0.6814,High,40.88,Stable,40.88,Placement,Medium,Yes,Monitor student - 14d
S2202,83.2,Green,80.0,0.4052,Medium,19.45,Improving,0.677,High,40.62,Stable,40.62,Placement,Medium,Yes,Monitor student - 14d
S2696,68.08,Amber,100.0,0.5638,Medium,40.59,Declining,0.145,Low,8.7,Stable,40.59,Academic,Medium,Yes,Monitor student - 14d
S2277,75.87,Green,100.0,0.8435,High,40.49,Improving,0.3125,Medium,18.75,Stable,40.49,Academic,Medium,Yes,Monitor student - 14d
S2380,66.25,Amber,100.0,0.2146,Low,10.3,Improving,0.6745,High,40.47,Stable,40.47,Placement,Medium,Yes,Monitor student - 14d
S2319,74.07,Green,100.0,0.5616,Medium,40.44,Declining,0.1076,Low,6.46,Stable,40.44,Academic,Medium,Yes,Monitor student - 14d
S2356,77.14,Green,100.0,0.8402,High,40.33,Improving,0.0543,Low,3.26,Stable,40.33,Academic,Medium,Yes,Monitor student - 14d
S2530,66.11,Amber,100.0,0.3359,Medium,40.31,Declining,0.0028,Low,0.17,Stable,40.31,Academic,Medium,Yes,Monitor student - 14d
S2685,83.28,Green,100.0,0.5582,Medium,40.19,Declining,0.1597,Low,9.58,Stable,40.19,Academic,Medium,Yes,Monitor student - 14d
S2315,62.72,Amber,100.0,0.1546,Low,11.13,Declining,0.6697,High,40.18,Stable,40.18,Placement,Medium,Yes,Monitor student - 14d
S2269,81.13,Green,100.0,0.8204,High,39.38,Improving,0.6675,High,40.05,Stable,40.05,Placement,Medium,Yes,Monitor student - 14d
S2792,72.92,Green,100.0,0.5561,Medium,40.04,Declining,0.251,Medium,15.06,Stable,40.04,Academic,Medium,Yes,Monitor student - 14d
S2081,70.82,Green,95.0,0.5556,Medium,40.0,Declining,0.2316,Medium,13.9,Stable,40.0,Academic,Medium,Yes,Monitor student - 14d
S2472,77.87,Green,100.0,0.192,Low,13.82,Declining,0.664,High,39.84,Stable,39.84,Placement,Medium,Yes,Monitor student - 14d
S2544,69.23,Amber,100.0,0.0504,Low,4.03,Improving,0.6623,High,39.74,Stable,39.74,Placement,Medium,Yes,Monitor student - 14d
S2613,75.34,Green,100.0,0.0938,Low,4.5,Improving,0.6621,High,39.73,Stable,39.73,Placement,Medium,Yes,Monitor student - 14d
S2622,66.74,Amber,100.0,0.5513,Medium,39.69,Declining,0.1194,Low,7.16,Stable,39.69,Academic,Medium,Yes,Monitor student - 14d
S2426,74.85,Green,100.0,0.5481,Medium,39.46,Declining,0.3687,Medium,22.12,Stable,39.46,Academic,Medium,Yes,Monitor student - 14d
S2735,82.19,Green,100.0,0.0372,Low,1.79,Improving,0.6562,High,39.37,Stable,39.37,Placement,Medium,Yes,Monitor student - 14d
S2686,66.58,Amber,100.0,0.1435,Low,6.89,Improving,0.6549,High,39.29,Stable,39.29,Placement,Medium,Yes,Monitor student - 14d
S2777,85.51,Green,100.0,0.031,Low,1.49,Improving,0.6494,High,38.96,Stable,38.96,Placement,Medium,Yes,Monitor student - 14d
S2545,69.75,Amber,100.0,0.6513,High,31.26,Improving,0.6477,High,38.86,Stable,38.86,Placement,Medium,Yes,Monitor student - 14d
S2454,78.01,Green,100.0,0.4869,Medium,35.06,Declining,0.6467,High,38.8,Stable,38.8,Placement,Medium,Yes,Monitor student - 14d
S2786,81.31,Green,100.0,0.5387,Medium,38.79,Declining,0.2329,Medium,13.97,Stable,38.79,Academic,Medium,Yes,Monitor student - 14d
S2741,65.24,Amber,100.0,0.3458,Medium,24.9,Declining,0.6455,High,38.73,Stable,38.73,Placement,Medium,Yes,Monitor student - 14d
S2556,80.16,Green,100.0,0.124,Low,5.95,Improving,0.6437,High,38.62,Stable,38.62,Placement,Medium,Yes,Monitor student - 14d
S2297,78.92,Green,100.0,0.386,Medium,38.6,Stable,0.168,Low,10.08,Stable,38.6,Academic,Medium,Yes,Monitor student - 14d
S2745,85.58,Green,100.0,0.5361,Medium,38.6,Declining,0.4202,Medium,25.21,Stable,38.6,Academic,Medium,Yes,Monitor student - 14d
S2536,67.46,Amber,100.0,0.0283,Low,2.04,Declining,0.6429,High,38.57,Stable,38.57,Placement,Medium,Yes,Monitor student - 14d
S2488,73.51,Green,100.0,0.5339,Medium,38.44,Declining,0.2623,Medium,15.74,Stable,38.44,Academic,Medium,Yes,Monitor student - 14d
S2761,82.57,Green,100.0,0.0766,Low,5.52,Declining,0.6407,High,38.44,Stable,38.44,Placement,Medium,Yes,Monitor student - 14d
S2353,72.09,Green,100.0,0.4662,Medium,33.57,Declining,0.6398,High,38.39,Stable,38.39,Placement,Medium,Yes,Monitor student - 14d
S2047,69.59,Amber,100.0,0.4789,Medium,38.31,Improving,0.0765,Low,4.59,Stable,38.31,Academic,Medium,Yes,Monitor student - 14d
S2435,66.71,Amber,100.0,0.5313,Medium,38.25,Declining,0.0924,Low,5.54,Stable,38.25,Academic,Medium,Yes,Monitor student - 14d
S2288,79.88,Green,100.0,0.0703,Low,5.06,Declining,0.6373,High,38.24,Stable,38.24,Placement,Medium,Yes,Monitor student - 14d
S2492,78.41,Green,100.0,0.5306,Medium,38.2,Declining,0.6204,High,37.22,Stable,38.2,Academic,Medium,Yes,Monitor student - 14d
S2475,75.48,Green,65.0,0.0007,Low,0.07,Stable,0.6351,High,38.11,Stable,38.11,Placement,Medium,Yes,Monitor student - 14d
S2648,74.16,Green,100.0,0.3684,Medium,22.1,Stable,0.6344,High,38.06,Stable,38.06,Placement,Medium,Yes,Monitor student - 14d
S2036,79.67,Green,100.0,0.0636,Low,3.82,Stable,0.6333,High,38.0,Stable,38.0,Placement,Medium,Yes,Monitor student - 14d
S2460,79.03,Green,80.0,0.1083,Low,5.2,Improving,0.6332,High,37.99,Stable,37.99,Placement,Medium,Yes,Monitor student - 14d
S2060,83.82,Green,100.0,0.0897,Low,5.38,Stable,0.629,High,37.74,Stable,37.74,Placement,Medium,Yes,Monitor student - 14d
S2542,70.74,Green,100.0,0.5221,Medium,37.59,Declining,0.2622,Medium,15.73,Stable,37.59,Academic,Medium,Yes,Monitor student - 14d
S2734,67.67,Amber,100.0,0.5211,Medium,37.52,Declining,0.2542,Medium,15.25,Stable,37.52,Academic,Medium,Yes,Monitor student - 14d
S2614,53.04,Amber,100.0,0.2918,Low,35.02,Declining,0.6238,High,37.43,Stable,37.43,Placement,Medium,Yes,Monitor student - 14d
S2612,79.76,Green,100.0,0.6237,High,37.42,Stable,0.0939,Low,5.63,Stable,37.42,Academic,Medium,Yes,Monitor student - 14d
S2005,81.85,Green,100.0,0.0233,Low,1.4,Stable,0.6233,High,37.4,Stable,37.4,Placement,Medium,Yes,Monitor student - 14d
S2035,78.37,Green,100.0,0.2814,Low,13.51,Improving,0.6222,High,37.33,Stable,37.33,Placement,Medium,Yes,Monitor student - 14d
S2784,74.34,Green,100.0,0.103,Low,7.42,Declining,0.6173,High,37.04,Stable,37.04,Placement,Medium,Yes,Monitor student - 14d
S2793,74.86,Green,100.0,0.5905,Medium,28.34,Improving,0.6171,High,37.03,Stable,37.03,Placement,Medium,Yes,Monitor student - 14d
S2413,81.33,Green,100.0,0.3432,Medium,24.71,Declining,0.6155,High,36.93,Stable,36.93,Placement,Medium,Yes,Monitor student - 14d
S2738,83.19,Green,100.0,0.6145,High,36.87,Stable,0.4252,Medium,25.51,Stable,36.87,Academic,Medium,Yes,Monitor student - 14d
S2187,69.96,Amber,100.0,0.2879,Low,17.27,Stable,0.6141,High,36.85,Stable,36.85,Placement,Medium,Yes,Monitor student - 14d
S2301,79.23,Green,100.0,0.0205,Low,0.98,Improving,0.6117,High,36.7,Stable,36.7,Placement,Medium,Yes,Monitor student - 14d
S2211,74.86,Green,100.0,0.5079,Medium,36.57,Declining,0.1014,Low,6.08,Stable,36.57,Academic,Medium,Yes,Monitor student - 14d
S2716,81.95,Green,100.0,0.6093,High,36.56,Stable,0.0298,Low,1.79,Stable,36.56,Academic,Medium,Yes,Monitor student - 14d
S2126,71.15,Green,100.0,0.5069,Medium,36.5,Declining,0.3476,Medium,20.86,Stable,36.5,Academic,Medium,Yes,Monitor student - 14d
S2579,74.54,Green,100.0,0.7186,High,34.49,Improving,0.6061,High,36.37,Stable,36.37,Placement,Medium,Yes,Monitor student - 14d
S2370,75.63,Green,100.0,0.6059,High,36.35,Stable,0.487,Medium,29.22,Stable,36.35,Academic,Medium,Yes,Monitor student - 14d
S2096,71.89,Green,100.0,0.4203,Medium,20.17,Improving,0.6056,High,36.34,Stable,36.34,Placement,Medium,Yes,Monitor student - 14d
S2599,66.98,Amber,100.0,0.1821,Low,13.11,Declining,0.6055,High,36.33,Stable,36.33,Placement,Medium,Yes,Monitor student - 14d
S2575,74.47,Green,100.0,0.186,Low,8.93,Improving,0.6047,High,36.28,Stable,36.28,Placement,Medium,Yes,Monitor student - 14d
S2300,77.84,Green,100.0,0.2325,Low,11.16,Improving,0.6025,High,36.15,Stable,36.15,Placement,Medium,Yes,Monitor student - 14d
S2467,71.73,Green,100.0,0.5018,Medium,36.13,Declining,0.3651,Medium,21.91,Stable,36.13,Academic,Medium,Yes,Monitor student - 14d
S2411,71.74,Green,100.0,0.4986,Medium,35.9,Declining,0.0807,Low,4.84,Stable,35.9,Academic,Medium,Yes,Monitor student - 14d
S2279,70.64,Green,100.0,0.4986,Medium,35.9,Declining,0.0669,Low,4.01,Stable,35.9,Academic,Medium,Yes,Monitor student - 14d
S2597,83.11,Green,100.0,0.598,Medium,35.88,Stable,0.0129,Low,0.77,Stable,35.88,Academic,Medium,Yes,Monitor student - 14d
S2268,84.25,Green,100.0,0.4155,Medium,29.92,Declining,0.5979,High,35.87,Stable,35.87,Placement,Medium,Yes,Monitor student - 14d
S2489,83.21,Green,100.0,0.7459,High,35.8,Improving,0.5264,High,31.58,Stable,35.8,Academic,Medium,Yes,Monitor student - 14d
S2477,73.6,Green,100.0,0.4967,Medium,35.76,Declining,0.1379,Low,8.27,Stable,35.76,Academic,Medium,Yes,Monitor student - 14d
S2565,79.66,Green,100.0,0.4963,Medium,35.73,Declining,0.1079,Low,6.47,Stable,35.73,Academic,Medium,Yes,Monitor student - 14d
S2338,64.4,Amber,100.0,0.446,Medium,35.68,Improving,0.3093,Medium,18.56,Stable,35.68,Academic,Medium,Yes,Academic mentoring - Faculty - 7d
S2168,76.84,Green,100.0,0.182,Low,13.1,Declining,0.5937,High,35.62,Stable,35.62,Placement,Medium,Yes,Monitor student - 14d
S2427,73.35,Green,100.0,0.0365,Low,2.19,Stable,0.5925,High,35.55,Stable,35.55,Placement,Medium,Yes,Monitor student - 14d
S2197,74.51,Green,95.0,0.4934,Medium,35.52,Declining,0.1776,Low,10.66,Stable,35.52,Academic,Medium,Yes,Monitor student - 14d
S2474,79.43,Green,100.0,0.1577,Low,7.57,Improving,0.5913,High,35.48,Stable,35.48,Placement,Medium,Yes,Monitor student - 14d
S2208,73.53,Green,100.0,0.3434,Medium,24.72,Declining,0.5901,High,35.41,Stable,35.41,Placement,Medium,Yes,Monitor student - 14d
S2624,82.74,Green,100.0,0.2692,Low,16.15,Stable,0.59,High,35.4,Stable,35.4,Placement,Medium,Yes,Monitor student - 14d
S2374,74.18,Green,100.0,0.4915,Medium,35.39,Declining,0.1173,Low,7.04,Stable,35.39,Academic,Medium,Yes,Monitor student - 14d
S2424,72.53,Green,95.0,0.1343,Low,13.43,Stable,0.5888,High,35.33,Stable,35.33,Placement,Medium,Yes,Monitor student - 14d
S2658,76.31,Green,100.0,0.7148,High,34.31,Improving,0.5886,High,35.32,Stable,35.32,Placement,Medium,Yes,Monitor student - 14d
S2098,72.7,Green,100.0,0.4671,Medium,28.03,Stable,0.5885,High,35.31,Stable,35.31,Placement,Medium,Yes,Monitor student - 14d
S2128,82.97,Green,100.0,0.4901,Medium,35.29,Declining,0.4421,Medium,26.53,Stable,35.29,Academic,Medium,Yes,Monitor student - 14d
S2446,75.15,Green,100.0,0.1002,Low,7.21,Declining,0.5872,High,35.23,Stable,35.23,Placement,Medium,Yes,Monitor student - 14d
S2568,87.46,Green,100.0,0.4888,Medium,35.19,Declining,0.2132,Medium,12.79,Stable,35.19,Academic,Medium,Yes,Monitor student - 14d
S2062,81.02,Green,100.0,0.5856,Medium,35.14,Stable,0.3302,Medium,19.81,Stable,35.14,Academic,Medium,Yes,Monitor student - 14d
S2706,68.89,Amber,100.0,0.4861,Medium,35.0,Declining,0.0614,Low,3.68,Stable,35.0,Academic,Medium,Yes,Monitor student - 14d
S2204,74.94,Green,100.0,0.3615,Medium,26.03,Declining,0.5827,High,34.96,Stable,34.96,Placement,Medium,Yes,Monitor student - 14d
S2653,80.97,Green,100.0,0.0679,Low,3.26,Improving,0.5824,High,34.94,Stable,34.94,Placement,Medium,Yes,Monitor student - 14d
S2447,77.09,Green,100.0,0.5821,Medium,34.93,Stable,0.0138,Low,0.83,Stable,34.93,Academic,Medium,Yes,Monitor student - 14d
S2666,74.0,Green,100.0,0.048,Low,2.88,Stable,0.5774,High,34.64,Stable,34.64,Placement,Medium,Yes,Monitor student - 14d
S2147,74.02,Green,80.0,0.4808,Medium,34.62,Declining,0.2674,Medium,16.04,Stable,34.62,Academic,Medium,Yes,Monitor student - 14d
S2663,79.23,Green,100.0,0.1062,Low,6.37,Stable,0.5759,High,34.55,Stable,34.55,Placement,Medium,Yes,Monitor student - 14d
S2499,65.67,Amber,80.0,0.6381,High,30.63,Improving,0.5754,High,34.52,Stable,34.52,Placement,Medium,Yes,Monitor student - 14d
S2371,75.84,Green,100.0,0.3427,Medium,16.45,Improving,0.5751,High,34.51,Stable,34.51,Placement,Medium,Yes,Monitor student - 14d
S2167,81.66,Green,100.0,0.575,Medium,34.5,Stable,0.1412,Low,8.47,Stable,34.5,Academic,Medium,Yes,Monitor student - 14d
S2507,67.86,Amber,100.0,0.2979,Low,28.6,Declining,0.5733,High,34.4,Stable,34.4,Placement,Medium,Yes,Academic mentoring - Faculty - 7d
S2429,72.55,Green,100.0,0.5719,Medium,34.31,Stable,0.0402,Low,2.41,Stable,34.31,Academic,Medium,Yes,Monitor student - 14d
S2616,73.39,Green,100.0,0.0926,Low,5.56,Stable,0.5717,High,34.3,Stable,34.3,Placement,Medium,Yes,Monitor student - 14d
S2026,74.36,Green,100.0,0.5671,Medium,34.03,Stable,0.2633,Medium,15.8,Stable,34.03,Academic,Medium,Yes,Monitor student - 14d
S2633,79.91,Green,100.0,0.4725,Medium,34.02,Declining,0.3478,Medium,20.87,Stable,34.02,Academic,Medium,Yes,Monitor student - 14d
S2001,66.72,Amber,100.0,0.5669,Medium,34.01,Stable,0.4602,Medium,27.61,Stable,34.01,Academic,Medium,Yes,Monitor student - 14d
S2178,70.81,Green,100.0,0.7061,High,33.89,Improving,0.1626,Low,9.76,Stable,33.89,Academic,Medium,Yes,Monitor student - 14d
S2637,76.52,Green,100.0,0.3684,Medium,17.68,Improving,0.5631,High,33.79,Stable,33.79,Placement,Medium,Yes,Monitor student - 14d
S2113,81.88,Green,100.0,0.4676,Medium,33.67,Declining,0.2351,Medium,14.11,Stable,33.67,Academic,Medium,Yes,Monitor student - 14d
S2563,79.61,Green,100.0,0.4675,Medium,33.66,Declining,0.1551,Low,9.31,Stable,33.66,Academic,Medium,Yes,Monitor student - 14d
S2323,77.96,Green,100.0,0.4656,Medium,33.52,Declining,0.5358,High,32.15,Stable,33.52,Academic,Medium,Yes,Monitor student - 14d
S2522,72.2,Green,100.0,0.2054,Low,14.79,Declining,0.5573,High,33.44,Stable,33.44,Placement,Medium,Yes,Monitor student - 14d
S2627,78.73,Green,100.0,0.4597,Medium,27.58,Stable,0.5558,High,33.35,Stable,33.35,Placement,Medium,Yes,Monitor student - 14d
S2398,89.05,Green,100.0,0.0298,Low,1.43,Improving,0.555,High,33.3,Stable,33.3,Placement,Medium,Yes,Monitor student - 14d
S2287,71.11,Green,80.0,0.3356,Medium,20.14,Stable,0.5538,High,33.23,Stable,33.23,Placement,Medium,Yes,Monitor student - 14d
S2217,72.84,Green,100.0,0.0346,Low,2.49,Declining,0.5536,High,33.22,Stable,33.22,Placement,Medium,Yes,Monitor student - 14d
S2048,75.08,Green,100.0,0.1638,Low,7.86,Improving,0.5507,High,33.04,Stable,33.04,Placement,Medium,Yes,Monitor student - 14d
S2535,70.76,Green,100.0,0.5895,Medium,28.3,Improving,0.5501,High,33.01,Stable,33.01,Placement,Medium,Yes,Monitor student - 14d
S2144,69.13,Amber,100.0,0.3638,Medium,26.19,Declining,0.5499,High,32.99,Stable,32.99,Placement,Medium,Yes,Monitor student - 14d
S2164,79.48,Green,100.0,0.2936,Low,17.62,Stable,0.5484,High,32.9,Stable,32.9,Placement,Medium,Yes,Monitor student - 14d
S2596,64.41,Amber,100.0,0.4555,Medium,32.8,Declining,0.5375,High,32.25,Stable,32.8,Academic,Medium,Yes,Monitor student - 14d
S2673,85.35,Green,100.0,0.5462,Medium,32.77,Stable,0.0291,Low,1.75,Stable,32.77,Academic,Medium,Yes,Monitor student - 14d
S2241,64.66,Amber,100.0,0.2332,Low,16.79,Declining,0.5461,High,32.77,Stable,32.77,Placement,Medium,Yes,Monitor student - 14d
S2587,69.46,Amber,100.0,0.5446,Medium,32.68,Stable,0.1366,Low,8.2,Stable,32.68,Academic,Medium,Yes,Monitor student - 14d
S2743,79.07,Green,100.0,0.677,High,32.5,Improving,0.3411,Medium,20.47,Stable,32.5,Academic,Medium,Yes,Monitor student - 14d
S2558,78.61,Green,100.0,0.4511,Medium,32.48,Declining,0.5072,High,30.43,Stable,32.48,Academic,Medium,Yes,Monitor student - 14d
S2085,61.46,Amber,100.0,0.2705,Low,32.46,Declining,0.3489,Medium,20.93,Stable,32.46,Academic,Medium,Yes,Monitor student - 14d
S2407,80.09,Green,100.0,0.6243,High,29.97,Improving,0.5409,High,32.45,Stable,32.45,Placement,Medium,Yes,Monitor student - 14d
S2537,84.04,Green,100.0,0.4496,Medium,32.37,Declining,0.0502,Low,3.01,Stable,32.37,Academic,Medium,Yes,Monitor student - 14d
S2194,72.71,Green,100.0,0.3525,Medium,25.38,Declining,0.5377,High,32.26,Stable,32.26,Placement,Medium,Yes,Monitor student - 14d
S2255,82.64,Green,100.0,0.0245,Low,1.18,Improving,0.5351,High,32.11,Stable,32.11,Placement,Medium,Yes,Monitor student - 14d
S2528,71.35,Green,100.0,0.5343,Medium,32.06,Stable,0.2065,Medium,12.39,Stable,32.06,Academic,Medium,Yes,Monitor student - 14d
S2774,72.79,Green,100.0,0.4001,Medium,32.01,Improving,0.1839,Low,11.03,Stable,32.01,Academic,Medium,Yes,Monitor student - 14d
S2191,79.07,Green,100.0,0.2232,Low,13.39,Stable,0.5334,High,32.0,Stable,32.0,Placement,Medium,Yes,Monitor student - 14d
S2326,77.54,Green,100.0,0.1011,Low,6.07,Stable,0.5325,High,31.95,Stable,31.95,Placement,Medium,Yes,Monitor student - 14d
S2635,74.74,Green,100.0,0.6641,High,31.88,Improving,0.3572,Medium,21.43,Stable,31.88,Academic,Medium,Yes,Monitor student - 14d
S2095,73.72,Green,100.0,0.2699,Low,19.43,Declining,0.5302,High,31.81,Stable,31.81,Placement,Medium,Yes,Monitor student - 14d
S2764,75.59,Green,100.0,0.5292,Medium,31.75,Stable,0.3977,Medium,23.86,Stable,31.75,Academic,Medium,Yes,Monitor student - 14d
S2572,73.16,Green,100.0,0.4237,Medium,25.42,Stable,0.5292,High,31.75,Stable,31.75,Placement,Medium,Yes,Monitor student - 14d
S2367,76.84,Green,100.0,0.6575,High,31.56,Improving,0.2341,Medium,14.05,Stable,31.56,Academic,Medium,Yes,Monitor student - 14d
S2348,73.28,Green,100.0,0.1135,Low,6.81,Stable,0.5252,High,31.51,Stable,31.51,Placement,Medium,Yes,Monitor student - 14d
S2448,82.64,Green,95.0,0.1271,Low,6.1,Improving,0.5251,High,31.51,Stable,31.51,Placement,Medium,Yes,Monitor student - 14d
S2188,64.89,Amber,100.0,0.5246,Medium,31.48,Stable,0.2587,Medium,15.52,Stable,31.48,Academic,Medium,Yes,Monitor student - 14d
S2785,82.66,Green,100.0,0.1174,Low,5.64,Improving,0.5247,High,31.48,Stable,31.48,Placement,Medium,Yes,Monitor student - 14d
S2068,75.21,Green,100.0,0.2864,Low,28.64,Stable,0.5235,High,31.41,Stable,31.41,Placement,Medium,Yes,Monitor student - 14d
S2185,77.56,Green,100.0,0.045,Low,2.16,Improving,0.5235,High,31.41,Stable,31.41,Placement,Medium,Yes,Monitor student - 14d
S2458,79.91,Green,100.0,0.5211,Medium,31.27,Stable,0.4306,Medium,25.84,Stable,31.27,Academic,Medium,Yes,Monitor student - 14d
S2432,86.41,Green,100.0,0.0963,Low,6.93,Declining,0.5202,High,31.21,Stable,31.21,Placement,Medium,Yes,Monitor student - 14d
S2050,67.45,Amber,100.0,0.2072,Low,14.92,Declining,0.5183,High,31.1,Stable,31.1,Placement,Medium,Yes,Monitor student - 14d
S2234,70.83,Green,100.0,0.1083,Low,6.5,Stable,0.5179,High,31.07,Stable,31.07,Placement,Medium,Yes,Monitor student - 14d
S2756,78.78,Green,100.0,0.3831,Medium,27.58,Declining,0.517,High,31.02,Stable,31.02,Placement,Medium,Yes,Monitor student - 14d
S2365,79.72,Green,100.0,0.3185,Medium,15.29,Improving,0.517,High,31.02,Stable,31.02,Placement,Medium,Yes,Monitor student - 14d
S2267,70.51,Green,100.0,0.4056,Medium,19.47,Improving,0.5149,High,30.89,Stable,30.89,Placement,Medium,Yes,Monitor student - 14d
S2560,79.92,Green,100.0,0.2463,Low,14.78,Stable,0.5147,High,30.88,Stable,30.88,Placement,Medium,Yes,Monitor student - 14d
S2021,67.91,Amber,100.0,0.2567,Low,30.8,Declining,0.0169,Low,1.01,Stable,30.8,Academic,Medium,No,Monitor student - 14d
S2760,71.89,Green,100.0,0.5133,Medium,30.8,Stable,0.0947,Low,5.68,Stable,30.8,Academic,Medium,Yes,Monitor student - 14d
S2252,71.02,Green,100.0,0.6414,High,30.79,Improving,0.3307,Medium,19.84,Stable,30.79,Academic,Medium,Yes,Monitor student - 14d
S2171,83.08,Green,100.0,0.1058,Low,6.35,Stable,0.5102,High,30.61,Stable,30.61,Placement,Medium,Yes,Monitor student - 14d
S2107,57.68,Amber,100.0,0.2251,Low,27.01,Declining,0.5093,High,30.56,Stable,30.56,Placement,Medium,Yes,Academic mentoring - Faculty - 7d
S2722,67.77,Amber,100.0,0.4231,Medium,30.46,Declining,0.1607,Low,9.64,Stable,30.46,Academic,Medium,Yes,Monitor student - 14d
S2293,74.38,Green,100.0,0.2552,Low,18.37,Declining,0.5064,High,30.38,Stable,30.38,Placement,Medium,Yes,Monitor student - 14d
S2200,79.58,Green,100.0,0.0734,Low,3.52,Improving,0.5064,High,30.38,Stable,30.38,Placement,Medium,Yes,Monitor student - 14d
S2766,76.05,Green,100.0,0.0413,Low,4.13,Stable,0.5053,High,30.32,Stable,30.32,Placement,Medium,Yes,Monitor student - 14d
S2692,83.02,Green,100.0,0.2774,Low,13.32,Improving,0.504,High,30.24,Stable,30.24,Placement,Medium,Yes,Monitor student - 14d
S2508,86.13,Green,100.0,0.4197,Medium,30.22,Declining,0.2065,Medium,12.39,Stable,30.22,Academic,Medium,Yes,Monitor student - 14d
S2023,74.09,Green,80.0,0.2213,Low,17.7,Improving,0.5032,High,30.19,Stable,30.19,Placement,Medium,Yes,Monitor student - 14d
S2603,75.14,Green,100.0,0.0807,Low,4.84,Stable,0.5022,High,30.13,Stable,30.13,Placement,Medium,Yes,Monitor student - 14d
S2129,71.61,Green,95.0,0.1175,Low,8.46,Declining,0.5007,High,30.04,Stable,30.04,Placement,Medium,Yes,Monitor student - 14d
S2305,75.71,Green,100.0,0.3954,Medium,23.72,Stable,0.5007,High,30.04,Stable,30.04,Placement,Medium,Yes,Monitor student - 14d
S2500,83.89,Green,100.0,0.0626,Low,3.0,Improving,0.4991,Medium,29.95,Stable,29.95,Placement,Low,Yes,No immediate intervention
S2464,73.52,Green,100.0,0.056,Low,3.36,Stable,0.4986,Medium,29.92,Stable,29.92,Placement,Low,Yes,No immediate intervention
S2525,71.02,Green,100.0,0.0378,Low,4.54,Declining,0.4986,Medium,29.92,Stable,29.92,Placement,Low,Yes,No immediate intervention
S2482,73.61,Green,100.0,0.4961,Medium,29.77,Stable,0.151,Low,9.06,Stable,29.77,Academic,Low,Yes,No immediate intervention
S2415,76.58,Green,100.0,0.4934,Medium,29.6,Stable,0.3059,Medium,18.35,Stable,29.6,Academic,Low,Yes,No immediate intervention
S2298,68.31,Amber,95.0,0.1458,Low,7.0,Improving,0.4933,Medium,29.6,Stable,29.6,Placement,Low,Yes,No immediate intervention
S2342,75.59,Green,100.0,0.2451,Low,29.41,Declining,0.0898,Low,5.39,Stable,29.41,Academic,Low,No,No immediate intervention
S2224,83.37,Green,100.0,0.0872,Low,4.19,Improving,0.4877,Medium,29.26,Stable,29.26,Placement,Low,Yes,No immediate intervention
S2137,77.45,Green,100.0,0.0504,Low,3.02,Stable,0.486,Medium,29.16,Stable,29.16,Placement,Low,Yes,No immediate intervention
S2189,76.41,Green,100.0,0.4038,Medium,29.07,Declining,0.2473,Medium,14.84,Stable,29.07,Academic,Low,Yes,No immediate intervention
S2079,80.77,Green,100.0,0.2006,Low,14.44,Declining,0.4838,Medium,29.03,Stable,29.03,Placement,Low,Yes,No immediate intervention
S2541,82.1,Green,100.0,0.2145,Low,15.44,Declining,0.4839,Medium,29.03,Stable,29.03,Placement,Low,Yes,No immediate intervention
S2606,78.33,Green,100.0,0.4028,Medium,29.0,Declining,0.1855,Low,11.13,Stable,29.0,Academic,Low,Yes,No immediate intervention
S2733,77.71,Green,100.0,0.4817,Medium,28.9,Stable,0.158,Low,9.48,Stable,28.9,Academic,Low,Yes,No immediate intervention
S2346,66.36,Amber,100.0,0.1933,Low,15.46,Stable,0.4807,Medium,28.84,Stable,28.84,Placement,Low,Yes,Academic mentoring - Faculty - 7d
S2651,71.62,Green,100.0,0.3988,Medium,28.71,Declining,0.1132,Low,6.79,Stable,28.71,Academic,Low,Yes,No immediate intervention
S2770,58.46,Amber,100.0,0.3968,Medium,28.57,Declining,0.4257,Medium,25.54,Stable,28.57,Academic,Low,Yes,No immediate intervention
S2643,69.28,Amber,100.0,0.2193,Low,13.16,Stable,0.4754,Medium,28.52,Stable,28.52,Placement,Low,Yes,No immediate intervention
S2390,77.17,Green,80.0,0.3959,Medium,28.5,Declining,0.036,Low,2.16,Stable,28.5,Academic,Low,Yes,No immediate intervention
S2310,74.57,Green,100.0,0.5612,Medium,26.94,Improving,0.4732,Medium,28.39,Stable,28.39,Placement,Low,Yes,No immediate intervention
S2327,74.49,Green,100.0,0.3941,Medium,28.38,Declining,0.2992,Medium,17.95,Stable,28.38,Academic,Low,Yes,No immediate intervention
S2589,78.29,Green,100.0,0.2173,Low,10.43,Improving,0.4713,Medium,28.28,Stable,28.28,Placement,Low,Yes,No immediate intervention
S2444,70.66,Green,100.0,0.3925,Medium,28.26,Declining,0.0257,Low,1.54,Stable,28.26,Academic,Low,Yes,No immediate intervention
S2632,76.55,Green,100.0,0.3921,Medium,28.23,Declining,0.4349,Medium,26.09,Stable,28.23,Academic,Low,Yes,No immediate intervention
S2169,69.77,Amber,100.0,0.3918,Medium,28.21,Declining,0.2489,Medium,14.93,Stable,28.21,Academic,Low,Yes,No immediate intervention
S2253,78.5,Green,100.0,0.5869,Medium,28.17,Improving,0.3277,Medium,19.66,Stable,28.17,Academic,Low,Yes,No immediate intervention
S2308,74.63,Green,100.0,0.5514,Medium,26.47,Improving,0.4693,Medium,28.16,Stable,28.16,Placement,Low,Yes,No immediate intervention
S2163,85.91,Green,100.0,0.0368,Low,1.77,Improving,0.4632,Medium,27.79,Stable,27.79,Placement,Low,Yes,No immediate intervention
S2689,84.97,Green,100.0,0.0905,Low,6.52,Declining,0.4626,Medium,27.76,Stable,27.76,Placement,Low,Yes,No immediate intervention
S2051,74.69,Green,100.0,0.1061,Low,7.64,Declining,0.4609,Medium,27.65,Stable,27.65,Placement,Low,Yes,No immediate intervention
S2010,83.97,Green,100.0,0.3836,Medium,27.62,Declining,0.1167,Low,7.0,Stable,27.62,Academic,Low,Yes,No immediate intervention
S2462,77.74,Green,100.0,0.1132,Low,5.43,Improving,0.4586,Medium,27.52,Stable,27.52,Placement,Low,Yes,No immediate intervention
S2718,83.04,Green,100.0,0.382,Medium,27.5,Declining,0.2805,Medium,16.83,Stable,27.5,Academic,Low,Yes,No immediate intervention
S2564,83.1,Green,100.0,0.3431,Medium,27.45,Improving,0.2154,Medium,12.92,Stable,27.45,Academic,Low,Yes,No immediate intervention
S2523,81.54,Green,100.0,0.3812,Medium,27.45,Declining,0.1449,Low,8.69,Stable,27.45,Academic,Low,Yes,No immediate intervention
S2610,83.24,Green,95.0,0.3807,Medium,27.41,Declining,0.1915,Low,11.49,Stable,27.41,Academic,Low,Yes,No immediate intervention
S2674,81.54,Green,100.0,0.392,Medium,18.82,Improving,0.4553,Medium,27.32,Stable,27.32,Placement,Low,Yes,No immediate intervention
S2004,79.69,Green,100.0,0.011,Low,0.53,Improving,0.4551,Medium,27.31,Stable,27.31,Placement,Low,Yes,No immediate intervention
S2713,80.99,Green,95.0,0.2879,Low,13.82,Improving,0.4547,Medium,27.28,Stable,27.28,Placement,Low,Yes,No immediate intervention
S2316,82.71,Green,100.0,0.3547,Medium,21.28,Stable,0.4541,Medium,27.25,Stable,27.25,Placement,Low,Yes,No immediate intervention
S2148,81.7,Green,100.0,0.1261,Low,9.08,Declining,0.454,Medium,27.24,Stable,27.24,Placement,Low,Yes,No immediate intervention
S2645,83.8,Green,100.0,0.3782,Medium,27.23,Declining,0.1409,Low,8.45,Stable,27.23,Academic,Low,Yes,No immediate intervention
S2504,77.54,Green,100.0,0.1345,Low,6.46,Improving,0.4518,Medium,27.11,Stable,27.11,Placement,Low,Yes,No immediate intervention
S2172,72.63,Green,100.0,0.0575,Low,2.76,Improving,0.4508,Medium,27.05,Stable,27.05,Placement,Low,Yes,No immediate intervention
S2690,82.74,Green,100.0,0.4509,Medium,27.05,Stable,0.2138,Medium,12.83,Stable,27.05,Academic,Low,Yes,No immediate intervention
S2093,80.71,Green,100.0,0.0582,Low,2.79,Improving,0.4501,Medium,27.01,Stable,27.01,Placement,Low,Yes,No immediate intervention
S2254,72.66,Green,100.0,0.3767,Medium,22.6,Stable,0.4496,Medium,26.98,Stable,26.98,Placement,Low,Yes,No immediate intervention
S2259,80.5,Green,100.0,0.0225,Low,1.35,Stable,0.4495,Medium,26.97,Stable,26.97,Placement,Low,Yes,No immediate intervention
S2772,72.85,Green,100.0,0.2288,Low,16.47,Declining,0.4494,Medium,26.96,Stable,26.96,Placement,Low,Yes,No immediate intervention
S2039,83.88,Green,95.0,0.0547,Low,2.63,Improving,0.4478,Medium,26.87,Stable,26.87,Placement,Low,Yes,No immediate intervention
S2307,67.84,Amber,100.0,0.3725,Medium,26.82,Declining,0.2216,Medium,13.3,Stable,26.82,Academic,Low,Yes,No immediate intervention
S2124,67.73,Amber,100.0,0.3725,Medium,26.82,Declining,0.3508,Medium,21.05,Stable,26.82,Academic,Low,Yes,No immediate intervention
S2009,70.63,Green,100.0,0.3528,Medium,21.17,Stable,0.4429,Medium,26.57,Stable,26.57,Placement,Low,Yes,No immediate intervention
S2498,68.95,Amber,100.0,0.1238,Low,7.43,Stable,0.4422,Medium,26.53,Stable,26.53,Placement,Low,Yes,No immediate intervention
S2333,79.11,Green,100.0,0.1157,Low,8.33,Declining,0.4407,Medium,26.44,Stable,26.44,Placement,Low,Yes,No immediate intervention
S2181,77.36,Green,100.0,0.2408,Low,14.45,Stable,0.4396,Medium,26.38,Stable,26.38,Placement,Low,Yes,No immediate intervention
S2703,80.68,Green,100.0,0.5488,Medium,26.34,Improving,0.1904,Low,11.42,Stable,26.34,Academic,Low,Yes,No immediate intervention
S2351,68.91,Amber,100.0,0.5479,Medium,26.3,Improving,0.1755,Low,10.53,Stable,26.3,Academic,Low,Yes,No immediate intervention
S2704,83.4,Green,100.0,0.0085,Low,0.41,Improving,0.4366,Medium,26.2,Stable,26.2,Placement,Low,Yes,No immediate intervention
S2654,64.1,Amber,100.0,0.0269,Low,3.23,Declining,0.4363,Medium,26.18,Stable,26.18,Placement,Low,Yes,Academic mentoring - Faculty - 7d
S2779,88.33,Green,100.0,0.0653,Low,3.13,Improving,0.4357,Medium,26.14,Stable,26.14,Placement,Low,Yes,No immediate intervention
S2681,71.58,Green,100.0,0.3626,Medium,26.11,Declining,0.0359,Low,2.15,Stable,26.11,Academic,Low,Yes,No immediate intervention
S2707,68.3,Amber,100.0,0.1897,Low,9.11,Improving,0.4318,Medium,25.91,Stable,25.91,Placement,Low,Yes,No immediate intervention
S2605,85.59,Green,100.0,0.5393,Medium,25.89,Improving,0.1601,Low,9.61,Stable,25.89,Academic,Low,Yes,No immediate intervention
S2539,69.25,Amber,100.0,0.3593,Medium,25.87,Declining,0.0791,Low,4.75,Stable,25.87,Academic,Low,Yes,No immediate intervention
S2059,78.2,Green,100.0,0.0262,Low,1.89,Declining,0.431,Medium,25.86,Stable,25.86,Placement,Low,Yes,No immediate intervention
S2072,81.24,Green,100.0,0.2154,Low,10.34,Improving,0.4293,Medium,25.76,Stable,25.76,Placement,Low,Yes,No immediate intervention
S2183,71.41,Green,100.0,0.2145,Low,25.74,Declining,0.0737,Low,4.42,Stable,25.74,Academic,Low,No,No immediate intervention
S2213,78.3,Green,100.0,0.5358,Medium,25.72,Improving,0.1294,Low,7.76,Stable,25.72,Academic,Low,Yes,No immediate intervention
S2763,82.48,Green,80.0,0.1225,Low,5.88,Improving,0.4269,Medium,25.61,Stable,25.61,Placement,Low,Yes,No immediate intervention
S2581,87.2,Green,80.0,0.5331,Medium,25.59,Improving,0.4209,Medium,25.25,Stable,25.59,Academic,Low,Yes,No immediate intervention
S2730,81.73,Green,100.0,0.5314,Medium,25.51,Improving,0.3867,Medium,23.2,Stable,25.51,Academic,Low,Yes,No immediate intervention
S2687,56.22,Amber,95.0,0.1433,Low,17.2,Declining,0.4249,Medium,25.49,Stable,25.49,Placement,Low,Yes,No immediate intervention
S2574,72.85,Green,100.0,0.0323,Low,3.23,Stable,0.4247,Medium,25.48,Stable,25.48,Placement,Low,Yes,No immediate intervention
S2386,85.88,Green,100.0,0.068,Low,4.08,Stable,0.4239,Medium,25.43,Stable,25.43,Placement,Low,Yes,No immediate intervention
S2235,78.62,Green,100.0,0.0424,Low,2.04,Improving,0.4227,Medium,25.36,Stable,25.36,Placement,Low,Yes,No immediate intervention
S2256,72.65,Green,100.0,0.1944,Low,11.66,Stable,0.4208,Medium,25.25,Stable,25.25,Placement,Low,Yes,No immediate intervention
S2771,79.58,Green,100.0,0.2904,Low,13.94,Improving,0.4206,Medium,25.24,Stable,25.24,Placement,Low,Yes,No immediate intervention
S2024,71.25,Green,100.0,0.3503,Medium,25.22,Declining,0.0857,Low,5.14,Stable,25.22,Academic,Low,Yes,No immediate intervention
S2762,78.86,Green,80.0,0.42,Medium,25.2,Stable,0.2702,Medium,16.21,Stable,25.2,Academic,Low,Yes,No immediate intervention
S2431,79.03,Green,95.0,0.0464,Low,2.78,Stable,0.4197,Medium,25.18,Stable,25.18,Placement,Low,Yes,No immediate intervention
S2585,87.16,Green,95.0,0.5222,Medium,25.07,Improving,0.0834,Low,5.0,Stable,25.07,Academic,Low,Yes,No immediate intervention
S2562,80.97,Green,100.0,0.0206,Low,1.24,Stable,0.415,Medium,24.9,Stable,24.9,Placement,Low,Yes,No immediate intervention
S2647,72.4,Green,100.0,0.3452,Medium,24.85,Declining,0.0538,Low,3.23,Stable,24.85,Academic,Low,Yes,No immediate intervention
S2780,79.75,Green,100.0,0.5168,Medium,24.81,Improving,0.125,Low,7.5,Stable,24.81,Academic,Low,Yes,No immediate intervention
S2443,71.66,Green,100.0,0.0261,Low,1.57,Stable,0.412,Medium,24.72,Stable,24.72,Placement,Low,Yes,No immediate intervention
S2649,85.24,Green,100.0,0.412,Medium,24.72,Stable,0.1637,Low,9.82,Stable,24.72,Academic,Low,Yes,No immediate intervention
S2016,72.03,Green,95.0,0.3432,Medium,24.71,Declining,0.1119,Low,6.71,Stable,24.71,Academic,Low,Yes,No immediate intervention
S2748,72.23,Green,100.0,0.3404,Medium,24.51,Declining,0.3334,Medium,20.0,Stable,24.51,Academic,Low,Yes,No immediate intervention
S2669,72.5,Green,100.0,0.0174,Low,1.04,Stable,0.4085,Medium,24.51,Stable,24.51,Placement,Low,Yes,No immediate intervention
S2697,77.47,Green,95.0,0.1134,Low,8.16,Declining,0.4078,Medium,24.47,Stable,24.47,Placement,Low,Yes,No immediate intervention
S2317,79.29,Green,100.0,0.1274,Low,9.17,Declining,0.4069,Medium,24.41,Stable,24.41,Placement,Low,Yes,No immediate intervention
S2796,82.36,Green,100.0,0.0257,Low,1.54,Stable,0.4063,Medium,24.38,Stable,24.38,Placement,Low,Yes,No immediate intervention
S2019,79.44,Green,100.0,0.4054,Medium,24.32,Stable,0.0957,Low,5.74,Stable,24.32,Academic,Low,Yes,No immediate intervention
S2524,80.13,Green,100.0,0.0606,Low,3.64,Stable,0.4045,Medium,24.27,Stable,24.27,Placement,Low,Yes,No immediate intervention
S2391,80.9,Green,100.0,0.3174,Medium,15.24,Improving,0.4045,Medium,24.27,Stable,24.27,Placement,Low,Yes,No immediate intervention
S2243,75.64,Green,100.0,0.1899,Low,9.12,Improving,0.4027,Medium,24.16,Stable,24.16,Placement,Low,Yes,No immediate intervention
S2032,85.54,Green,100.0,0.111,Low,7.99,Declining,0.4024,Medium,24.14,Stable,24.14,Placement,Low,Yes,No immediate intervention
S2212,73.94,Green,95.0,0.1616,Low,7.76,Improving,0.4003,Medium,24.02,Stable,24.02,Placement,Low,Yes,No immediate intervention
S2003,78.63,Green,100.0,0.2844,Low,20.48,Declining,0.4001,Medium,24.01,Stable,24.01,Placement,Low,Yes,No immediate intervention
S2230,81.35,Green,100.0,0.191,Low,9.17,Improving,0.3997,Medium,23.98,Stable,23.98,Placement,Low,Yes,No immediate intervention
S2782,69.86,Amber,100.0,0.0458,Low,5.5,Declining,0.3986,Medium,23.92,Stable,23.92,Placement,Low,Yes,No immediate intervention
S2652,78.48,Green,95.0,0.3314,Medium,23.86,Declining,0.2996,Medium,17.98,Stable,23.86,Academic,Low,Yes,No immediate intervention
S2636,85.41,Green,100.0,0.3971,Medium,23.83,Stable,0.2672,Medium,16.03,Stable,23.83,Academic,Low,Yes,No immediate intervention
S2465,89.34,Green,100.0,0.4954,Medium,23.78,Improving,0.0622,Low,3.73,Stable,23.78,Academic,Low,Yes,No immediate intervention
S2671,82.11,Green,100.0,0.2667,Low,12.8,Improving,0.3961,Medium,23.77,Stable,23.77,Placement,Low,Yes,No immediate intervention
S2313,82.61,Green,100.0,0.3287,Medium,23.67,Declining,0.2473,Medium,14.84,Stable,23.67,Academic,Low,Yes,No immediate intervention
S2609,78.06,Green,100.0,0.4922,Medium,23.63,Improving,0.3179,Medium,19.07,Stable,23.63,Academic,Low,Yes,No immediate intervention
S2086,87.85,Green,100.0,0.0787,Low,5.67,Declining,0.3936,Medium,23.62,Stable,23.62,Placement,Low,Yes,No immediate intervention
S2516,83.01,Green,100.0,0.3925,Medium,23.55,Stable,0.106,Low,6.36,Stable,23.55,Academic,Low,Yes,No immediate intervention
S2146,78.81,Green,100.0,0.2023,Low,9.71,Improving,0.3914,Medium,23.48,Stable,23.48,Placement,Low,Yes,No immediate intervention
S2611,81.38,Green,95.0,0.3261,Medium,23.48,Declining,0.3351,Medium,20.11,Stable,23.48,Academic,Low,Yes,No immediate intervention
S2665,69.13,Amber,100.0,0.3249,Medium,23.39,Declining,0.0761,Low,4.57,Stable,23.39,Academic,Low,Yes,No immediate intervention
S2531,82.24,Green,95.0,0.1946,Low,11.68,Stable,0.3883,Medium,23.3,Stable,23.3,Placement,Low,Yes,No immediate intervention
S2737,82.76,Green,100.0,0.3236,Medium,23.3,Declining,0.1095,Low,6.57,Stable,23.3,Academic,Low,Yes,No immediate intervention
S2400,66.92,Amber,100.0,0.1825,Low,21.9,Declining,0.3872,Medium,23.23,Stable,23.23,Placement,Low,Yes,No immediate intervention
S2264,75.28,Green,80.0,0.0629,Low,3.77,Stable,0.3838,Medium,23.03,Stable,23.03,Placement,Low,Yes,No immediate intervention
S2688,78.97,Green,95.0,0.139,Low,8.34,Stable,0.3799,Medium,22.79,Stable,22.79,Placement,Low,Yes,No immediate intervention
S2720,74.31,Green,100.0,0.3164,Medium,22.78,Declining,0.0107,Low,0.64,Stable,22.78,Academic,Low,Yes,No immediate intervention
S2053,83.6,Green,100.0,0.2174,Low,13.04,Stable,0.3776,Medium,22.66,Stable,22.66,Placement,Low,Yes,No immediate intervention
S2159,78.52,Green,100.0,0.0335,Low,2.41,Declining,0.3766,Medium,22.6,Stable,22.6,Placement,Low,Yes,No immediate intervention
S2746,74.82,Green,80.0,0.3626,Medium,17.4,Improving,0.3759,Medium,22.55,Stable,22.55,Placement,Low,Yes,No immediate intervention
S2220,58.3,Amber,100.0,0.0955,Low,11.46,Declining,0.3757,Medium,22.54,Stable,22.54,Placement,Low,Yes,No immediate intervention
S2014,74.5,Green,100.0,0.469,Medium,22.51,Improving,0.2118,Medium,12.71,Stable,22.51,Academic,Low,Yes,No immediate intervention
S2174,69.08,Amber,100.0,0.3124,Medium,22.49,Declining,0.0734,Low,4.4,Stable,22.49,Academic,Low,Yes,No immediate intervention
S2747,71.23,Green,100.0,0.4679,Medium,22.46,Improving,0.0778,Low,4.67,Stable,22.46,Academic,Low,Yes,No immediate intervention
S2299,79.4,Green,100.0,0.374,Medium,22.44,Stable,0.0471,Low,2.83,Stable,22.44,Academic,Low,Yes,No immediate intervention
S2778,86.17,Green,100.0,0.374,Medium,22.44,Stable,0.3017,Medium,18.1,Stable,22.44,Academic,Low,Yes,No immediate intervention
S2339,80.44,Green,100.0,0.2581,Low,15.49,Stable,0.3722,Medium,22.33,Stable,22.33,Placement,Low,Yes,No immediate intervention
S2744,83.78,Green,100.0,0.2517,Low,15.1,Stable,0.3702,Medium,22.21,Stable,22.21,Placement,Low,Yes,No immediate intervention
S2199,78.15,Green,100.0,0.4622,Medium,22.19,Improving,0.2944,Medium,17.66,Stable,22.19,Academic,Low,Yes,No immediate intervention
S2017,73.52,Green,100.0,0.039,Low,2.34,Stable,0.3696,Medium,22.18,Stable,22.18,Placement,Low,Yes,No immediate intervention
S2237,73.94,Green,95.0,0.0858,Low,4.12,Improving,0.3695,Medium,22.17,Stable,22.17,Placement,Low,Yes,No immediate intervention
S2463,75.06,Green,100.0,0.3067,Medium,22.08,Declining,0.1478,Low,8.87,Stable,22.08,Academic,Low,Yes,No immediate intervention
S2402,78.29,Green,100.0,0.032,Low,1.92,Stable,0.3671,Medium,22.03,Stable,22.03,Placement,Low,Yes,No immediate intervention
S2238,80.51,Green,95.0,0.0102,Low,0.49,Improving,0.3659,Medium,21.95,Stable,21.95,Placement,Low,Yes,No immediate intervention
S2106,80.31,Green,80.0,0.0723,Low,3.47,Improving,0.3646,Medium,21.88,Stable,21.88,Placement,Low,Yes,No immediate intervention
S2382,72.94,Green,100.0,0.358,Medium,17.18,Improving,0.3629,Medium,21.77,Stable,21.77,Placement,Low,Yes,No immediate intervention
S2728,75.99,Green,100.0,0.4536,Medium,21.77,Improving,0.3384,Medium,20.3,Stable,21.77,Academic,Low,Yes,No immediate intervention
S2131,67.96,Amber,95.0,0.1867,Low,11.2,Stable,0.3601,Medium,21.61,Stable,21.61,Placement,Low,Yes,No immediate intervention
S2160,70.7,Green,100.0,0.1795,Low,21.54,Declining,0.3539,Medium,21.23,Stable,21.54,Academic,Low,Yes,No immediate intervention
S2546,73.29,Green,100.0,0.0581,Low,4.18,Declining,0.3583,Medium,21.5,Stable,21.5,Placement,Low,Yes,No immediate intervention
S2742,82.77,Green,100.0,0.0663,Low,3.98,Stable,0.3581,Medium,21.49,Stable,21.49,Placement,Low,Yes,No immediate intervention
S2584,73.3,Green,100.0,0.4469,Medium,21.45,Improving,0.3325,Medium,19.95,Stable,21.45,Academic,Low,Yes,No immediate intervention
S2100,69.3,Amber,100.0,0.3568,Medium,21.41,Stable,0.1037,Low,6.22,Stable,21.41,Academic,Low,Yes,No immediate intervention
S2797,85.47,Green,100.0,0.3569,Medium,21.41,Stable,0.1977,Low,11.86,Stable,21.41,Academic,Low,Yes,No immediate intervention
S2034,81.58,Green,100.0,0.2971,Low,21.39,Declining,0.0368,Low,2.21,Stable,21.39,Academic,Low,No,No immediate intervention
S2045,72.34,Green,100.0,0.0985,Low,4.73,Improving,0.3559,Medium,21.35,Stable,21.35,Placement,Low,Yes,No immediate intervention
S2527,80.76,Green,100.0,0.1278,Low,7.67,Stable,0.3557,Medium,21.34,Stable,21.34,Placement,Low,Yes,No immediate intervention
S2505,79.69,Green,100.0,0.3536,Medium,21.22,Stable,0.0965,Low,5.79,Stable,21.22,Academic,Low,Yes,No immediate intervention
S2799,70.9,Green,100.0,0.1102,Low,7.93,Declining,0.3531,Medium,21.19,Stable,21.19,Placement,Low,Yes,No immediate intervention
S2105,63.94,Amber,100.0,0.2937,Low,21.15,Declining,0.1653,Low,9.92,Stable,21.15,Academic,Low,No,No immediate intervention
S2041,78.25,Green,95.0,0.22,Low,10.56,Improving,0.3523,Medium,21.14,Stable,21.14,Placement,Low,Yes,No immediate intervention
S2580,75.64,Green,100.0,0.4381,Medium,21.03,Improving,0.2135,Medium,12.81,Stable,21.03,Academic,Low,Yes,No immediate intervention
S2451,73.12,Green,100.0,0.2916,Low,21.0,Declining,0.1395,Low,8.37,Stable,21.0,Academic,Low,No,No immediate intervention
S2682,83.86,Green,100.0,0.1552,Low,9.31,Stable,0.3468,Medium,20.81,Stable,20.81,Placement,Low,Yes,No immediate intervention
S2344,84.32,Green,100.0,0.3465,Medium,20.79,Stable,0.0236,Low,1.42,Stable,20.79,Academic,Low,Yes,No immediate intervention
S2103,69.46,Amber,100.0,0.2566,Low,12.32,Improving,0.3456,Medium,20.74,Stable,20.74,Placement,Low,Yes,No immediate intervention
S2108,74.27,Green,100.0,0.1727,Low,20.72,Declining,0.2954,Medium,17.72,Stable,20.72,Academic,Low,Yes,No immediate intervention
S2075,79.29,Green,100.0,0.4273,Medium,20.51,Improving,0.0331,Low,1.99,Stable,20.51,Academic,Low,Yes,No immediate intervention
S2590,83.8,Green,100.0,0.099,Low,5.94,Stable,0.3416,Medium,20.5,Stable,20.5,Placement,Low,Yes,No immediate intervention
S2512,74.54,Green,95.0,0.2626,Low,12.6,Improving,0.341,Medium,20.46,Stable,20.46,Placement,Low,Yes,No immediate intervention
S2583,73.64,Green,95.0,0.1797,Low,12.94,Declining,0.336,Medium,20.16,Stable,20.16,Placement,Low,Yes,No immediate intervention
S2080,70.49,Green,100.0,0.1388,Low,9.99,Declining,0.3346,Medium,20.08,Stable,20.08,Placement,Low,Yes,No immediate intervention
S2087,81.1,Green,100.0,0.0723,Low,3.47,Improving,0.3345,Medium,20.07,Stable,20.07,Placement,Low,Yes,No immediate intervention
S2767,79.91,Green,100.0,0.417,Medium,20.02,Improving,0.049,Low,2.94,Stable,20.02,Academic,Low,Yes,No immediate intervention
S2449,57.29,Amber,100.0,0.1662,Low,19.94,Declining,0.0516,Low,3.1,Stable,19.94,Academic,Low,No,Academic mentoring - Faculty - 7d
S2294,78.45,Green,100.0,0.3324,Medium,19.94,Stable,0.1302,Low,7.81,Stable,19.94,Academic,Low,Yes,No immediate intervention
S2602,76.41,Green,95.0,0.0709,Low,8.51,Declining,0.3321,Medium,19.93,Stable,19.93,Placement,Low,Yes,No immediate intervention
S2795,72.82,Green,100.0,0.4152,Medium,19.93,Improving,0.0277,Low,1.66,Stable,19.93,Academic,Low,Yes,No immediate intervention
S2698,64.26,Amber,100.0,0.0723,Low,5.78,Improving,0.3313,Medium,19.88,Stable,19.88,Placement,Low,Yes,No immediate intervention
S2328,81.36,Green,100.0,0.0887,Low,4.26,Improving,0.3294,Medium,19.76,Stable,19.76,Placement,Low,Yes,No immediate intervention
S2540,86.4,Green,95.0,0.4086,Medium,19.61,Improving,0.0747,Low,4.48,Stable,19.61,Academic,Low,Yes,No immediate intervention
S2345,82.82,Green,100.0,0.1018,Low,7.33,Declining,0.3266,Medium,19.6,Stable,19.6,Placement,Low,Yes,No immediate intervention
S2240,82.51,Green,100.0,0.3254,Medium,19.52,Stable,0.2555,Medium,15.33,Stable,19.52,Academic,Low,Yes,No immediate intervention
S2280,84.5,Green,100.0,0.237,Low,11.38,Improving,0.3246,Medium,19.48,Stable,19.48,Placement,Low,Yes,No immediate intervention
S2061,78.57,Green,100.0,0.2022,Low,9.71,Improving,0.3247,Medium,19.48,Stable,19.48,Placement,Low,Yes,No immediate intervention
S2438,77.09,Green,100.0,0.0091,Low,0.44,Improving,0.3233,Medium,19.4,Stable,19.4,Placement,Low,Yes,No immediate intervention
S2519,80.76,Green,100.0,0.3129,Medium,15.02,Improving,0.323,Medium,19.38,Stable,19.38,Placement,Low,Yes,No immediate intervention
S2295,69.61,Amber,95.0,0.1711,Low,8.21,Improving,0.3223,Medium,19.34,Stable,19.34,Placement,Low,Yes,No immediate intervention
S2496,78.84,Green,100.0,0.2682,Low,19.31,Declining,0.3088,Medium,18.53,Stable,19.31,Academic,Low,Yes,No immediate intervention
S2699,82.2,Green,100.0,0.0668,Low,4.01,Stable,0.3198,Medium,19.19,Stable,19.19,Placement,Low,Yes,No immediate intervention
S2781,74.51,Green,100.0,0.0346,Low,2.49,Declining,0.3176,Medium,19.06,Stable,19.06,Placement,Low,Yes,No immediate intervention
S2787,71.91,Green,100.0,0.3969,Medium,19.05,Improving,0.0211,Low,1.27,Stable,19.05,Academic,Low,Yes,No immediate intervention
S2261,68.93,Amber,100.0,0.2148,Low,15.47,Declining,0.317,Medium,19.02,Stable,19.02,Placement,Low,Yes,No immediate intervention
S2117,81.1,Green,100.0,0.1696,Low,10.18,Stable,0.3159,Medium,18.95,Stable,18.95,Placement,Low,Yes,No immediate intervention
S2321,80.54,Green,100.0,0.0922,Low,6.64,Declining,0.3145,Medium,18.87,Stable,18.87,Placement,Low,Yes,No immediate intervention
S2306,72.49,Green,100.0,0.3929,Medium,18.86,Improving,0.2175,Medium,13.05,Stable,18.86,Academic,Low,Yes,No immediate intervention
S2101,83.84,Green,100.0,0.0627,Low,3.01,Improving,0.3142,Medium,18.85,Stable,18.85,Placement,Low,Yes,No immediate intervention
S2710,83.44,Green,100.0,0.3928,Medium,18.85,Improving,0.0931,Low,5.59,Stable,18.85,Academic,Low,Yes,No immediate intervention
S2501,64.77,Amber,100.0,0.058,Low,4.18,Declining,0.31,Medium,18.6,Stable,18.6,Placement,Low,Yes,No immediate intervention
S2209,64.31,Amber,100.0,0.2584,Low,18.6,Declining,0.2746,Medium,16.48,Stable,18.6,Academic,Low,Yes,No immediate intervention
S2067,75.36,Green,100.0,0.3867,Medium,18.56,Improving,0.1819,Low,10.91,Stable,18.56,Academic,Low,Yes,No immediate intervention
S2436,88.89,Green,100.0,0.1216,Low,7.3,Stable,0.3094,Medium,18.56,Stable,18.56,Placement,Low,Yes,No immediate intervention
S2186,85.51,Green,100.0,0.1116,Low,5.36,Improving,0.3082,Medium,18.49,Stable,18.49,Placement,Low,Yes,No immediate intervention
S2012,85.7,Green,100.0,0.1015,Low,6.09,Stable,0.3038,Medium,18.23,Stable,18.23,Placement,Low,Yes,No immediate intervention
S2136,73.86,Green,100.0,0.0569,Low,3.41,Stable,0.3034,Medium,18.2,Stable,18.2,Placement,Low,Yes,No immediate intervention
S2102,77.83,Green,100.0,0.0094,Low,0.68,Declining,0.303,Medium,18.18,Stable,18.18,Placement,Low,Yes,No immediate intervention
S2055,76.28,Green,100.0,0.1525,Low,10.98,Declining,0.3019,Medium,18.11,Stable,18.11,Placement,Low,Yes,No immediate intervention
S2559,71.54,Green,95.0,0.1396,Low,10.05,Declining,0.3006,Medium,18.04,Stable,18.04,Placement,Low,Yes,No immediate intervention
S2719,68.52,Amber,100.0,0.2124,Low,12.74,Stable,0.3007,Medium,18.04,Stable,18.04,Placement,Low,Yes,No immediate intervention
S2196,80.43,Green,100.0,0.2142,Low,12.85,Stable,0.2998,Medium,17.99,Stable,17.99,Placement,Low,Yes,No immediate intervention
S2092,67.24,Amber,95.0,0.0677,Low,3.25,Improving,0.299,Medium,17.94,Stable,17.94,Placement,Low,Yes,No immediate intervention
S2383,76.93,Green,100.0,0.2794,Low,17.88,Improving,0.1879,Low,11.27,Stable,17.88,Academic,Low,No,Academic mentoring - Faculty - 7d
S2392,84.61,Green,100.0,0.2481,Low,17.86,Declining,0.0924,Low,5.54,Stable,17.86,Academic,Low,No,No immediate intervention
S2066,70.38,Green,100.0,0.3719,Medium,17.85,Improving,0.1219,Low,7.31,Stable,17.85,Academic,Low,Yes,No immediate intervention
S2322,84.45,Green,100.0,0.2478,Low,17.84,Declining,0.1901,Low,11.41,Stable,17.84,Academic,Low,No,No immediate intervention
S2127,83.81,Green,100.0,0.2465,Low,17.75,Declining,0.0973,Low,5.84,Stable,17.75,Academic,Low,No,No immediate intervention
S2330,77.37,Green,100.0,0.2057,Low,9.87,Improving,0.2957,Medium,17.74,Stable,17.74,Placement,Low,Yes,No immediate intervention
S2239,69.78,Amber,100.0,0.1335,Low,9.61,Declining,0.295,Medium,17.7,Stable,17.7,Placement,Low,Yes,No immediate intervention
S2373,78.42,Green,100.0,0.0768,Low,4.61,Stable,0.2928,Medium,17.57,Stable,17.57,Placement,Low,Yes,No immediate intervention
S2625,74.39,Green,100.0,0.3639,Medium,17.47,Improving,0.102,Low,6.12,Stable,17.47,Academic,Low,Yes,No immediate intervention
S2414,80.6,Green,100.0,0.2425,Low,17.46,Declining,0.0182,Low,1.09,Stable,17.46,Academic,Low,No,No immediate intervention
S2094,75.54,Green,100.0,0.2891,Low,17.35,Stable,0.285,Medium,17.1,Stable,17.35,Academic,Low,Yes,No immediate intervention
S2700,74.32,Green,100.0,0.1709,Low,12.3,Declining,0.2877,Medium,17.26,Stable,17.26,Placement,Low,Yes,No immediate intervention
S2245,70.9,Green,100.0,0.0367,Low,2.64,Declining,0.2875,Medium,17.25,Stable,17.25,Placement,Low,Yes,No immediate intervention
S2515,83.26,Green,100.0,0.3207,Medium,15.39,Improving,0.2872,Medium,17.23,Stable,17.23,Placement,Low,Yes,No immediate intervention
S2214,80.21,Green,100.0,0.2865,Low,17.19,Stable,0.2819,Medium,16.91,Stable,17.19,Academic,Low,Yes,No immediate intervention
S2378,68.76,Amber,100.0,0.0858,Low,5.15,Stable,0.2854,Medium,17.12,Stable,17.12,Placement,Low,Yes,No immediate intervention
S2226,82.47,Green,100.0,0.0174,Low,1.04,Stable,0.2835,Medium,17.01,Stable,17.01,Placement,Low,Yes,No immediate intervention
S2355,84.56,Green,100.0,0.3539,Medium,16.99,Improving,0.0593,Low,3.56,Stable,16.99,Academic,Low,Yes,No immediate intervention
S2020,73.53,Green,100.0,0.282,Low,16.92,Stable,0.2181,Medium,13.09,Stable,16.92,Academic,Low,Yes,No immediate intervention
S2289,74.91,Green,100.0,0.0075,Low,0.54,Declining,0.281,Medium,16.86,Stable,16.86,Placement,Low,Yes,No immediate intervention
S2476,86.54,Green,100.0,0.2792,Low,16.75,Stable,0.0765,Low,4.59,Stable,16.75,Academic,Low,No,No immediate intervention
S2170,75.96,Green,80.0,0.2318,Low,16.69,Declining,0.0219,Low,1.31,Stable,16.69,Academic,Low,No,No immediate intervention
S2379,81.95,Green,100.0,0.0595,Low,3.57,Stable,0.2773,Medium,16.64,Stable,16.64,Placement,Low,Yes,No immediate intervention
S2604,82.49,Green,100.0,0.293,Low,14.06,Improving,0.2771,Medium,16.63,Stable,16.63,Placement,Low,Yes,No immediate intervention
S2002,74.62,Green,100.0,0.23,Low,16.56,Declining,0.2689,Medium,16.13,Stable,16.56,Academic,Low,Yes,No immediate intervention
S2420,85.01,Green,100.0,0.0012,Low,0.09,Declining,0.2759,Medium,16.55,Stable,16.55,Placement,Low,Yes,No immediate intervention
S2395,80.31,Green,100.0,0.1628,Low,7.81,Improving,0.2747,Medium,16.48,Stable,16.48,Placement,Low,Yes,No immediate intervention
S2329,81.23,Green,100.0,0.0739,Low,4.43,Stable,0.2738,Medium,16.43,Stable,16.43,Placement,Low,Yes,No immediate intervention
S2655,68.93,Amber,95.0,0.2279,Low,16.41,Declining,0.2178,Medium,13.07,Stable,16.41,Academic,Low,Yes,No immediate intervention
S2798,84.66,Green,100.0,0.0089,Low,0.43,Improving,0.2734,Medium,16.4,Stable,16.4,Placement,Low,Yes,No immediate intervention
S2309,80.49,Green,100.0,0.0273,Low,1.31,Improving,0.2725,Medium,16.35,Stable,16.35,Placement,Low,Yes,No immediate intervention
S2142,75.69,Green,100.0,0.0886,Low,4.25,Improving,0.2725,Medium,16.35,Stable,16.35,Placement,Low,Yes,No immediate intervention
S2215,82.9,Green,100.0,0.0394,Low,2.36,Stable,0.2723,Medium,16.34,Stable,16.34,Placement,Low,Yes,No immediate intervention
S2573,81.5,Green,100.0,0.0731,Low,4.39,Stable,0.2708,Medium,16.25,Stable,16.25,Placement,Low,Yes,No immediate intervention
S2732,75.64,Green,100.0,0.0721,Low,5.19,Declining,0.2697,Medium,16.18,Stable,16.18,Placement,Low,Yes,No immediate intervention
S2406,63.24,Amber,100.0,0.2081,Low,14.98,Declining,0.269,Medium,16.14,Stable,16.14,Placement,Low,Yes,No immediate intervention
S2404,82.52,Green,100.0,0.0191,Low,0.92,Improving,0.2689,Medium,16.13,Stable,16.13,Placement,Low,Yes,No immediate intervention
S2116,77.62,Green,100.0,0.0584,Low,4.2,Declining,0.2673,Medium,16.04,Stable,16.04,Placement,Low,Yes,No immediate intervention
S2231,79.69,Green,100.0,0.0672,Low,3.23,Improving,0.2672,Medium,16.03,Stable,16.03,Placement,Low,Yes,No immediate intervention
S2311,72.16,Green,100.0,0.1576,Low,11.35,Declining,0.2658,Medium,15.95,Stable,15.95,Placement,Low,Yes,No immediate intervention
S2725,73.25,Green,100.0,0.3323,Medium,15.95,Improving,0.174,Low,10.44,Stable,15.95,Academic,Low,Yes,No immediate intervention
S2487,84.0,Green,100.0,0.2803,Low,13.45,Improving,0.2624,Medium,15.74,Stable,15.74,Placement,Low,Yes,No immediate intervention
S2691,84.81,Green,100.0,0.1022,Low,4.91,Improving,0.2596,Medium,15.58,Stable,15.58,Placement,Low,Yes,No immediate intervention
S2284,70.71,Green,100.0,0.1796,Low,10.78,Stable,0.2594,Medium,15.56,Stable,15.56,Placement,Low,Yes,No immediate intervention
S2065,74.13,Green,100.0,0.0866,Low,6.24,Declining,0.2549,Medium,15.29,Stable,15.29,Placement,Low,Yes,No immediate intervention
S2478,77.78,Green,100.0,0.179,Low,10.74,Stable,0.2547,Medium,15.28,Stable,15.28,Placement,Low,Yes,No immediate intervention
S2726,74.66,Green,100.0,0.2117,Low,15.24,Declining,0.2286,Medium,13.72,Stable,15.24,Academic,Low,Yes,No immediate intervention
S2312,82.62,Green,100.0,0.0055,Low,0.26,Improving,0.2539,Medium,15.23,Stable,15.23,Placement,Low,Yes,No immediate intervention
S2493,77.86,Green,100.0,0.1678,Low,8.05,Improving,0.2533,Medium,15.2,Stable,15.2,Placement,Low,Yes,No immediate intervention
S2225,78.44,Green,100.0,0.2106,Low,15.16,Declining,0.1029,Low,6.17,Stable,15.16,Academic,Low,No,No immediate intervention
S2049,74.24,Green,100.0,0.3149,Medium,15.12,Improving,0.101,Low,6.06,Stable,15.12,Academic,Low,Yes,No immediate intervention
S2210,73.26,Green,100.0,0.3151,Medium,15.12,Improving,0.0356,Low,2.14,Stable,15.12,Academic,Low,Yes,No immediate intervention
S2343,71.96,Green,100.0,0.1881,Low,15.05,Stable,0.2498,Medium,14.99,Stable,15.05,Academic,Low,Yes,Academic mentoring - Faculty - 7d
S2740,75.69,Green,95.0,0.2089,Low,15.04,Declining,0.1451,Low,8.71,Stable,15.04,Academic,Low,No,No immediate intervention
S2350,83.91,Green,100.0,0.21,Low,10.08,Improving,0.2507,Medium,15.04,Stable,15.04,Placement,Low,Yes,No immediate intervention
S2331,84.15,Green,100.0,0.3125,Medium,15.0,Improving,0.0297,Low,1.78,Stable,15.0,Academic,Low,Yes,No immediate intervention
S2130,85.88,Green,100.0,0.0299,Low,1.44,Improving,0.2487,Medium,14.92,Stable,14.92,Placement,Low,Yes,No immediate intervention
S2600,80.1,Green,100.0,0.1242,Low,14.9,Declining,0.1653,Low,9.92,Stable,14.9,Academic,Low,No,No immediate intervention
S2394,80.63,Green,100.0,0.0206,Low,0.99,Improving,0.2457,Medium,14.74,Stable,14.74,Placement,Low,Yes,No immediate intervention
S2393,68.22,Amber,100.0,0.1221,Low,14.65,Declining,0.208,Medium,12.48,Stable,14.65,Academic,Low,Yes,No immediate intervention
S2304,78.4,Green,100.0,0.1363,Low,6.54,Improving,0.2428,Medium,14.57,Stable,14.57,Placement,Low,Yes,No immediate intervention
S2445,84.08,Green,100.0,0.1996,Low,14.37,Declining,0.1339,Low,8.03,Stable,14.37,Academic,Low,No,No immediate intervention
S2030,75.17,Green,100.0,0.1996,Low,14.37,Declining,0.0231,Low,1.39,Stable,14.37,Academic,Low,No,No immediate intervention
S2723,83.48,Green,100.0,0.0489,Low,2.35,Improving,0.2378,Medium,14.27,Stable,14.27,Placement,Low,Yes,No immediate intervention
S2607,79.32,Green,100.0,0.1977,Low,14.23,Declining,0.1699,Low,10.19,Stable,14.23,Academic,Low,No,No immediate intervention
S2273,81.63,Green,100.0,0.1972,Low,14.2,Declining,0.0375,Low,2.25,Stable,14.2,Academic,Low,No,No immediate intervention
S2165,75.54,Green,100.0,0.1971,Low,14.19,Declining,0.1171,Low,7.03,Stable,14.19,Academic,Low,No,No immediate intervention
S2118,87.85,Green,100.0,0.1302,Low,7.81,Stable,0.2359,Medium,14.15,Stable,14.15,Placement,Low,Yes,No immediate intervention
S2672,90.53,Green,100.0,0.2358,Low,14.15,Stable,0.0471,Low,2.83,Stable,14.15,Academic,Low,No,No immediate intervention
S2368,81.28,Green,100.0,0.0847,Low,6.1,Declining,0.2343,Medium,14.06,Stable,14.06,Placement,Low,Yes,No immediate intervention
S2712,86.58,Green,100.0,0.1465,Low,10.55,Declining,0.233,Medium,13.98,Stable,13.98,Placement,Low,Yes,No immediate intervention
S2517,83.92,Green,95.0,0.1298,Low,6.23,Improving,0.2327,Medium,13.96,Stable,13.96,Placement,Low,Yes,No immediate intervention
S2057,83.36,Green,100.0,0.0505,Low,3.64,Declining,0.2323,Medium,13.94,Stable,13.94,Placement,Low,Yes,No immediate intervention
S2628,78.37,Green,100.0,0.1166,Low,7.0,Stable,0.2319,Medium,13.91,Stable,13.91,Placement,Low,Yes,No immediate intervention
S2133,78.72,Green,100.0,0.2295,Low,13.77,Stable,0.0131,Low,0.79,Stable,13.77,Academic,Low,No,No immediate intervention
S2430,78.08,Green,100.0,0.1501,Low,12.01,Improving,0.2295,Medium,13.77,Stable,13.77,Placement,Low,Yes,No immediate intervention
S2617,65.38,Amber,100.0,0.1864,Low,13.42,Declining,0.2294,Medium,13.76,Stable,13.76,Placement,Low,Yes,No immediate intervention
S2621,80.1,Green,100.0,0.1087,Low,5.22,Improving,0.2267,Medium,13.6,Stable,13.6,Placement,Low,Yes,No immediate intervention
S2619,83.27,Green,100.0,0.1534,Low,11.04,Declining,0.2264,Medium,13.58,Stable,13.58,Placement,Low,Yes,No immediate intervention
S2711,86.2,Green,100.0,0.1885,Low,13.57,Declining,0.1955,Low,11.73,Stable,13.57,Academic,Low,No,No immediate intervention
S2250,77.46,Green,100.0,0.052,Low,2.5,Improving,0.2243,Medium,13.46,Stable,13.46,Placement,Low,Yes,No immediate intervention
S2433,81.47,Green,100.0,0.1392,Low,8.35,Stable,0.2242,Medium,13.45,Stable,13.45,Placement,Low,Yes,No immediate intervention
S2251,70.84,Green,100.0,0.1868,Low,13.45,Declining,0.0155,Low,0.93,Stable,13.45,Academic,Low,No,No immediate intervention
S2314,84.46,Green,100.0,0.0328,Low,1.57,Improving,0.2236,Medium,13.42,Stable,13.42,Placement,Low,Yes,No immediate intervention
S2576,83.42,Green,100.0,0.1661,Low,11.96,Declining,0.2235,Medium,13.41,Stable,13.41,Placement,Low,Yes,No immediate intervention
S2396,82.5,Green,100.0,0.1034,Low,4.96,Improving,0.2209,Medium,13.25,Stable,13.25,Placement,Low,Yes,No immediate intervention
S2549,84.98,Green,100.0,0.1451,Low,10.45,Declining,0.2196,Medium,13.18,Stable,13.18,Placement,Low,Yes,No immediate intervention
S2684,68.71,Amber,100.0,0.0686,Low,4.94,Declining,0.2178,Medium,13.07,Stable,13.07,Placement,Low,Yes,No immediate intervention
S2363,88.57,Green,100.0,0.181,Low,13.03,Declining,0.1393,Low,8.36,Stable,13.03,Academic,Low,No,No immediate intervention
S2140,78.9,Green,100.0,0.2687,Low,12.9,Improving,0.0734,Low,4.4,Stable,12.9,Academic,Low,No,No immediate intervention
S2044,63.66,Amber,100.0,0.1791,Low,12.9,Declining,0.0628,Low,3.77,Stable,12.9,Academic,Low,No,No immediate intervention
S2623,73.83,Green,100.0,0.0957,Low,7.66,Improving,0.2145,Medium,12.87,Stable,12.87,Placement,Low,Yes,No immediate intervention
S2157,69.71,Amber,100.0,0.1773,Low,12.77,Declining,0.0965,Low,5.79,Stable,12.77,Academic,Low,No,No immediate intervention
S2753,78.02,Green,100.0,0.0283,Low,2.04,Declining,0.2121,Medium,12.73,Stable,12.73,Placement,Low,Yes,No immediate intervention
S2739,85.93,Green,100.0,0.2116,Low,12.7,Stable,0.1503,Low,9.02,Stable,12.7,Academic,Low,No,No immediate intervention
S2071,83.43,Green,100.0,0.1752,Low,12.61,Declining,0.0115,Low,0.69,Stable,12.61,Academic,Low,No,No immediate intervention
S2644,85.91,Green,100.0,0.1033,Low,7.44,Declining,0.2092,Medium,12.55,Stable,12.55,Placement,Low,Yes,No immediate intervention
S2056,82.02,Green,100.0,0.0186,Low,1.12,Stable,0.2065,Medium,12.39,Stable,12.39,Placement,Low,Yes,No immediate intervention
S2399,80.93,Green,100.0,0.1484,Low,8.9,Stable,0.2051,Medium,12.31,Stable,12.31,Placement,Low,Yes,No immediate intervention
S2677,86.26,Green,100.0,0.0438,Low,2.1,Improving,0.2045,Medium,12.27,Stable,12.27,Placement,Low,Yes,No immediate intervention
S2384,75.76,Green,95.0,0.17,Low,12.24,Declining,0.0631,Low,3.79,Stable,12.24,Academic,Low,No,No immediate intervention
S2125,70.12,Green,100.0,0.0492,Low,5.9,Declining,0.2036,Medium,12.22,Stable,12.22,Placement,Low,Yes,No immediate intervention
S2358,81.67,Green,100.0,0.1686,Low,12.14,Declining,0.0942,Low,5.65,Stable,12.14,Academic,Low,No,No immediate intervention
S2011,74.15,Green,100.0,0.2497,Low,11.99,Improving,0.1762,Low,10.57,Stable,11.99,Academic,Low,No,No immediate intervention
S2776,86.09,Green,95.0,0.0996,Low,7.17,Declining,0.1998,Low,11.99,Stable,11.99,Placement,Low,No,No immediate intervention
S2469,77.45,Green,95.0,0.0999,Low,5.99,Stable,0.1997,Low,11.98,Stable,11.98,Placement,Low,No,No immediate intervention
S2752,82.62,Green,100.0,0.1411,Low,8.47,Stable,0.1993,Low,11.96,Stable,11.96,Placement,Low,No,No immediate intervention
S2592,88.49,Green,100.0,0.1979,Low,9.5,Improving,0.1989,Low,11.93,Stable,11.93,Placement,Low,No,No immediate intervention
S2721,68.11,Amber,100.0,0.0676,Low,5.41,Improving,0.1987,Low,11.92,Stable,11.92,Placement,Low,No,No immediate intervention
S2184,87.52,Green,100.0,0.132,Low,7.92,Stable,0.1976,Low,11.86,Stable,11.86,Placement,Low,No,No immediate intervention
S2570,86.55,Green,80.0,0.1974,Low,11.84,Stable,0.1393,Low,8.36,Stable,11.84,Academic,Low,No,No immediate intervention
S2513,79.23,Green,100.0,0.1169,Low,8.42,Declining,0.1971,Low,11.83,Stable,11.83,Placement,Low,No,No immediate intervention
S2668,85.95,Green,100.0,0.0406,Low,2.44,Stable,0.1967,Low,11.8,Stable,11.8,Placement,Low,No,No immediate intervention
S2567,86.91,Green,100.0,0.1033,Low,6.2,Stable,0.196,Low,11.76,Stable,11.76,Placement,Low,No,No immediate intervention
S2717,83.57,Green,100.0,0.05,Low,2.4,Improving,0.1958,Low,11.75,Stable,11.75,Placement,Low,No,No immediate intervention
S2702,72.93,Green,100.0,0.0495,Low,2.97,Stable,0.1958,Low,11.75,Stable,11.75,Placement,Low,No,No immediate intervention
S2417,72.92,Green,100.0,0.074,Low,5.33,Declining,0.1907,Low,11.44,Stable,11.44,Placement,Low,No,No immediate intervention
S2145,72.07,Green,100.0,0.078,Low,5.62,Declining,0.1878,Low,11.27,Stable,11.27,Placement,Low,No,No immediate intervention
S2357,76.77,Green,100.0,0.1562,Low,11.25,Declining,0.0557,Low,3.34,Stable,11.25,Academic,Low,No,No immediate intervention
S2244,83.6,Green,100.0,0.2342,Low,11.24,Improving,0.0232,Low,1.39,Stable,11.24,Academic,Low,No,No immediate intervention
S2158,83.18,Green,100.0,0.2326,Low,11.16,Improving,0.0652,Low,3.91,Stable,11.16,Academic,Low,No,No immediate intervention
S2207,86.11,Green,100.0,0.232,Low,11.14,Improving,0.1817,Low,10.9,Stable,11.14,Academic,Low,No,No immediate intervention
S2110,90.8,Green,100.0,0.0154,Low,0.92,Stable,0.1848,Low,11.09,Stable,11.09,Placement,Low,No,No immediate intervention
S2232,78.87,Green,100.0,0.1503,Low,9.02,Stable,0.1821,Low,10.93,Stable,10.93,Placement,Low,No,No immediate intervention
S2286,89.72,Green,100.0,0.0725,Low,3.48,Improving,0.182,Low,10.92,Stable,10.92,Placement,Low,No,No immediate intervention
S2229,81.5,Green,100.0,0.1515,Low,10.91,Declining,0.1762,Low,10.57,Stable,10.91,Academic,Low,No,No immediate intervention
S2608,87.54,Green,100.0,0.1135,Low,6.81,Stable,0.1814,Low,10.88,Stable,10.88,Placement,Low,No,No immediate intervention
S2775,86.96,Green,100.0,0.1807,Low,10.84,Stable,0.146,Low,8.76,Stable,10.84,Academic,Low,No,No immediate intervention
S2046,84.92,Green,100.0,0.0339,Low,1.63,Improving,0.1791,Low,10.75,Stable,10.75,Placement,Low,No,No immediate intervention
S2800,89.22,Green,95.0,0.2238,Low,10.74,Improving,0.1104,Low,6.62,Stable,10.74,Academic,Low,No,No immediate intervention
S2554,75.43,Green,100.0,0.2236,Low,10.73,Improving,0.0965,Low,5.79,Stable,10.73,Academic,Low,No,No immediate intervention
S2729,89.55,Green,100.0,0.1788,Low,10.73,Stable,0.0737,Low,4.42,Stable,10.73,Academic,Low,No,No immediate intervention
S2335,79.87,Green,100.0,0.2229,Low,10.7,Improving,0.0826,Low,4.96,Stable,10.7,Academic,Low,No,No immediate intervention
S2659,85.67,Green,100.0,0.0405,Low,2.43,Stable,0.1773,Low,10.64,Stable,10.64,Placement,Low,No,No immediate intervention
S2325,79.99,Green,100.0,0.0155,Low,1.12,Declining,0.1752,Low,10.51,Stable,10.51,Placement,Low,No,No immediate intervention
S2511,87.51,Green,100.0,0.062,Low,4.46,Declining,0.1728,Low,10.37,Stable,10.37,Placement,Low,No,No immediate intervention
S2058,80.93,Green,100.0,0.2159,Low,10.36,Improving,0.1065,Low,6.39,Stable,10.36,Academic,Low,No,No immediate intervention
S2332,89.36,Green,100.0,0.215,Low,10.32,Improving,0.1594,Low,9.56,Stable,10.32,Academic,Low,No,No immediate intervention
S2364,79.36,Green,100.0,0.1719,Low,10.31,Stable,0.1203,Low,7.22,Stable,10.31,Academic,Low,No,No immediate intervention
S2510,77.29,Green,95.0,0.0373,Low,2.69,Declining,0.1715,Low,10.29,Stable,10.29,Placement,Low,No,No immediate intervention
S2135,67.08,Amber,100.0,0.1411,Low,10.16,Declining,0.1025,Low,6.15,Stable,10.16,Academic,Low,No,No immediate intervention
S2362,76.51,Green,100.0,0.1405,Low,10.12,Declining,0.1157,Low,6.94,Stable,10.12,Academic,Low,No,No immediate intervention
S2151,83.06,Green,100.0,0.0831,Low,3.99,Improving,0.1668,Low,10.01,Stable,10.01,Placement,Low,No,No immediate intervention
S2480,84.02,Green,100.0,0.0199,Low,0.96,Improving,0.1663,Low,9.98,Stable,9.98,Placement,Low,No,No immediate intervention
S2084,85.63,Green,100.0,0.1038,Low,4.98,Improving,0.166,Low,9.96,Stable,9.96,Placement,Low,No,No immediate intervention
S2471,77.48,Green,100.0,0.1956,Low,9.39,Improving,0.1645,Low,9.87,Stable,9.87,Placement,Low,No,No immediate intervention
S2641,82.47,Green,100.0,0.1229,Low,7.37,Stable,0.1594,Low,9.56,Stable,9.56,Placement,Low,No,No immediate intervention
S2754,78.63,Green,100.0,0.1594,Low,9.56,Stable,0.036,Low,2.16,Stable,9.56,Academic,Low,No,No immediate intervention
S2758,81.69,Green,100.0,0.0209,Low,1.25,Stable,0.1591,Low,9.55,Stable,9.55,Placement,Low,No,No immediate intervention
S2138,84.91,Green,100.0,0.114,Low,5.47,Improving,0.1587,Low,9.52,Stable,9.52,Placement,Low,No,No immediate intervention
S2161,85.04,Green,100.0,0.0834,Low,4.0,Improving,0.1567,Low,9.4,Stable,9.4,Placement,Low,No,No immediate intervention
S2486,74.58,Green,60.0,0.0002,Low,0.01,Declining,0.1563,Low,9.38,Stable,9.38,Placement,Low,No,No immediate intervention
S2791,85.19,Green,100.0,0.048,Low,2.3,Improving,0.1564,Low,9.38,Stable,9.38,Placement,Low,No,No immediate intervention
S2223,85.58,Green,100.0,0.1953,Low,9.37,Improving,0.1297,Low,7.78,Stable,9.37,Academic,Low,No,No immediate intervention
S2258,80.45,Green,100.0,0.129,Low,9.29,Declining,0.0684,Low,4.1,Stable,9.29,Academic,Low,No,No immediate intervention
S2347,79.17,Green,100.0,0.1545,Low,9.27,Stable,0.1522,Low,9.13,Stable,9.27,Academic,Low,No,No immediate intervention
S2104,81.66,Green,100.0,0.0111,Low,0.53,Improving,0.1545,Low,9.27,Stable,9.27,Placement,Low,No,No immediate intervention
S2555,86.4,Green,100.0,0.0029,Low,0.17,Stable,0.1539,Low,9.23,Stable,9.23,Placement,Low,No,No immediate intervention
S2693,74.02,Green,100.0,0.0992,Low,7.14,Declining,0.1525,Low,9.15,Stable,9.15,Placement,Low,No,No immediate intervention
S2013,80.09,Green,80.0,0.125,Low,9.0,Declining,0.0391,Low,2.35,Stable,9.0,Academic,Low,No,No immediate intervention
S2180,74.58,Green,100.0,0.0409,Low,2.94,Declining,0.1485,Low,8.91,Stable,8.91,Placement,Low,No,No immediate intervention
S2485,82.79,Green,100.0,0.1843,Low,8.85,Improving,0.135,Low,8.1,Stable,8.85,Academic,Low,No,No immediate intervention
S2302,83.44,Green,80.0,0.032,Low,1.54,Improving,0.1457,Low,8.74,Stable,8.74,Placement,Low,No,No immediate intervention
S2073,81.89,Green,100.0,0.1784,Low,8.56,Improving,0.1455,Low,8.73,Stable,8.73,Placement,Low,No,No immediate intervention
S2242,79.12,Green,100.0,0.1194,Low,8.6,Declining,0.1298,Low,7.79,Stable,8.6,Academic,Low,No,No immediate intervention
S2768,81.74,Green,100.0,0.1082,Low,5.19,Improving,0.1415,Low,8.49,Stable,8.49,Placement,Low,No,No immediate intervention
S2586,82.31,Green,100.0,0.1744,Low,8.37,Improving,0.1259,Low,7.55,Stable,8.37,Academic,Low,No,No immediate intervention
S2190,83.78,Green,100.0,0.1741,Low,8.36,Improving,0.1025,Low,6.15,Stable,8.36,Academic,Low,No,No immediate intervention
S2119,86.72,Green,100.0,0.0142,Low,0.85,Stable,0.1389,Low,8.33,Stable,8.33,Placement,Low,No,No immediate intervention
S2543,91.03,Green,100.0,0.079,Low,4.74,Stable,0.1383,Low,8.3,Stable,8.3,Placement,Low,No,No immediate intervention
S2503,80.71,Green,100.0,0.0546,Low,2.62,Improving,0.1381,Low,8.29,Stable,8.29,Placement,Low,No,No immediate intervention
S2401,76.96,Green,100.0,0.1145,Low,8.24,Declining,0.0229,Low,1.37,Stable,8.24,Academic,Low,No,No immediate intervention
S2397,86.98,Green,100.0,0.0484,Low,2.32,Improving,0.1364,Low,8.18,Stable,8.18,Placement,Low,No,No immediate intervention
S2162,71.08,Green,100.0,0.0515,Low,3.09,Stable,0.1351,Low,8.11,Stable,8.11,Placement,Low,No,No immediate intervention
S2372,84.06,Green,100.0,0.1344,Low,8.06,Stable,0.103,Low,6.18,Stable,8.06,Academic,Low,No,No immediate intervention
S2227,67.99,Amber,100.0,0.0129,Low,0.93,Declining,0.1339,Low,8.03,Stable,8.03,Placement,Low,No,No immediate intervention
S2179,72.63,Green,65.0,0.0011,Low,0.05,Improving,0.1314,Low,7.88,Stable,7.88,Placement,Low,No,No immediate intervention
S2410,76.73,Green,100.0,0.05,Low,2.4,Improving,0.1314,Low,7.88,Stable,7.88,Placement,Low,No,No immediate intervention
S2455,87.01,Green,100.0,0.1618,Low,7.77,Improving,0.0953,Low,5.72,Stable,7.77,Academic,Low,No,No immediate intervention
S2646,85.37,Green,100.0,0.1605,Low,7.7,Improving,0.0384,Low,2.3,Stable,7.7,Academic,Low,No,No immediate intervention
S2594,78.33,Green,100.0,0.0407,Low,2.93,Declining,0.1281,Low,7.69,Stable,7.69,Placement,Low,No,No immediate intervention
S2598,69.57,Amber,100.0,0.069,Low,4.14,Stable,0.1263,Low,7.58,Stable,7.58,Placement,Low,No,No immediate intervention
S2198,81.32,Green,100.0,0.0719,Low,3.45,Improving,0.1237,Low,7.42,Stable,7.42,Placement,Low,No,No immediate intervention
S2457,76.31,Green,100.0,0.1503,Low,7.21,Improving,0.0705,Low,4.23,Stable,7.21,Academic,Low,No,No immediate intervention
S2551,83.05,Green,100.0,0.0577,Low,3.46,Stable,0.1191,Low,7.15,Stable,7.15,Placement,Low,No,No immediate intervention
S2660,70.26,Green,65.0,0.001,Low,0.07,Declining,0.1189,Low,7.13,Stable,7.13,Placement,Low,No,No immediate intervention
S2006,90.37,Green,100.0,0.0472,Low,2.27,Improving,0.1184,Low,7.1,Stable,7.1,Placement,Low,No,No immediate intervention
S2547,90.01,Green,95.0,0.1473,Low,7.07,Improving,0.0624,Low,3.74,Stable,7.07,Academic,Low,No,No immediate intervention
S2506,80.06,Green,100.0,0.1448,Low,6.95,Improving,0.0764,Low,4.58,Stable,6.95,Academic,Low,No,No immediate intervention
S2088,81.45,Green,100.0,0.1166,Low,5.6,Improving,0.1152,Low,6.91,Stable,6.91,Placement,Low,No,No immediate intervention
S2352,86.92,Green,100.0,0.0486,Low,2.92,Stable,0.1151,Low,6.91,Stable,6.91,Placement,Low,No,No immediate intervention
S2650,77.54,Green,100.0,0.0456,Low,2.74,Stable,0.111,Low,6.66,Stable,6.66,Placement,Low,No,No immediate intervention
S2724,85.56,Green,100.0,0.0518,Low,2.49,Improving,0.1101,Low,6.61,Stable,6.61,Placement,Low,No,No immediate intervention
S2428,82.48,Green,100.0,0.0522,Low,3.76,Declining,0.1093,Low,6.56,Stable,6.56,Placement,Low,No,No immediate intervention
S2132,76.35,Green,100.0,0.0821,Low,4.93,Stable,0.1081,Low,6.49,Stable,6.49,Placement,Low,No,No immediate intervention
S2270,75.93,Green,100.0,0.0787,Low,5.67,Declining,0.108,Low,6.48,Stable,6.48,Placement,Low,No,No immediate intervention
S2120,85.07,Green,100.0,0.1339,Low,6.43,Improving,0.0458,Low,2.75,Stable,6.43,Academic,Low,No,No immediate intervention
S2452,78.65,Green,100.0,0.1308,Low,6.28,Improving,0.1006,Low,6.04,Stable,6.28,Academic,Low,No,No immediate intervention
S2577,90.68,Green,100.0,0.1304,Low,6.26,Improving,0.0431,Low,2.59,Stable,6.26,Academic,Low,No,No immediate intervention
S2518,84.17,Green,100.0,0.0381,Low,2.74,Declining,0.1022,Low,6.13,Stable,6.13,Placement,Low,No,No immediate intervention
S2114,76.84,Green,100.0,0.0848,Low,6.11,Declining,0.0965,Low,5.79,Stable,6.11,Academic,Low,No,No immediate intervention
S2112,79.61,Green,100.0,0.1264,Low,6.07,Improving,0.0657,Low,3.94,Stable,6.07,Academic,Low,No,No immediate intervention
S2502,75.76,Green,95.0,0.0644,Low,4.64,Declining,0.0987,Low,5.92,Stable,5.92,Placement,Low,No,No immediate intervention
S2423,91.14,Green,100.0,0.0681,Low,4.9,Declining,0.0981,Low,5.89,Stable,5.89,Placement,Low,No,No immediate intervention
S2354,87.69,Green,100.0,0.1218,Low,5.85,Improving,0.0224,Low,1.34,Stable,5.85,Academic,Low,No,No immediate intervention
S2640,83.69,Green,100.0,0.1211,Low,5.81,Improving,0.041,Low,2.46,Stable,5.81,Academic,Low,No,No immediate intervention
S2022,83.2,Green,100.0,0.003,Low,0.14,Improving,0.0958,Low,5.75,Stable,5.75,Placement,Low,No,No immediate intervention
S2388,81.63,Green,95.0,0.0956,Low,5.74,Stable,0.0526,Low,3.16,Stable,5.74,Academic,Low,No,No immediate intervention
S2588,88.47,Green,95.0,0.0203,Low,1.46,Declining,0.0948,Low,5.69,Stable,5.69,Placement,Low,No,No immediate intervention
S2705,85.17,Green,100.0,0.116,Low,5.57,Improving,0.0857,Low,5.14,Stable,5.57,Academic,Low,No,No immediate intervention
S2150,84.71,Green,100.0,0.0915,Low,5.49,Stable,0.0881,Low,5.29,Stable,5.49,Academic,Low,No,No immediate intervention
S2566,83.69,Green,95.0,0.0124,Low,0.89,Declining,0.091,Low,5.46,Stable,5.46,Placement,Low,No,No immediate intervention
S2228,73.99,Green,100.0,0.0766,Low,4.9,Improving,0.0875,Low,5.25,Stable,5.25,Placement,Low,No,Academic mentoring - Faculty - 7d
S2731,89.78,Green,100.0,0.0874,Low,5.24,Stable,0.0327,Low,1.96,Stable,5.24,Academic,Low,No,No immediate intervention
S2282,81.84,Green,100.0,0.0755,Low,4.53,Stable,0.0833,Low,5.0,Stable,5.0,Placement,Low,No,No immediate intervention
S2534,80.3,Green,95.0,0.1033,Low,4.96,Improving,0.0752,Low,4.51,Stable,4.96,Academic,Low,No,No immediate intervention
S2115,90.75,Green,100.0,0.0769,Low,4.61,Stable,0.0823,Low,4.94,Stable,4.94,Placement,Low,No,No immediate intervention
S2266,77.37,Green,100.0,0.0051,Low,0.37,Declining,0.0797,Low,4.78,Stable,4.78,Placement,Low,No,No immediate intervention
S2099,83.7,Green,100.0,0.0662,Low,4.77,Declining,0.0646,Low,3.88,Stable,4.77,Academic,Low,No,No immediate intervention
S2529,92.34,Green,100.0,0.0992,Low,4.76,Improving,0.0412,Low,2.47,Stable,4.76,Academic,Low,No,No immediate intervention
S2156,89.21,Green,100.0,0.0984,Low,4.72,Improving,0.0611,Low,3.67,Stable,4.72,Academic,Low,No,No immediate intervention
S2790,81.01,Green,100.0,0.0236,Low,1.13,Improving,0.078,Low,4.68,Stable,4.68,Placement,Low,No,No immediate intervention
S2595,78.14,Green,100.0,0.0648,Low,4.67,Declining,0.0083,Low,0.5,Stable,4.67,Academic,Low,No,No immediate intervention
S2166,84.49,Green,100.0,0.0969,Low,4.65,Improving,0.04,Low,2.4,Stable,4.65,Academic,Low,No,No immediate intervention
S2661,85.96,Green,100.0,0.0705,Low,4.23,Stable,0.0289,Low,1.73,Stable,4.23,Academic,Low,No,No immediate intervention
S2751,87.6,Green,100.0,0.0329,Low,1.58,Improving,0.0689,Low,4.13,Stable,4.13,Placement,Low,No,No immediate intervention
S2408,82.5,Green,100.0,0.0229,Low,1.65,Declining,0.0666,Low,4.0,Stable,4.0,Placement,Low,No,No immediate intervention
S2615,80.35,Green,100.0,0.0607,Low,3.64,Stable,0.0655,Low,3.93,Stable,3.93,Placement,Low,No,No immediate intervention
S2773,80.22,Green,100.0,0.0768,Low,3.69,Improving,0.0473,Low,2.84,Stable,3.69,Academic,Low,No,No immediate intervention
S2557,67.58,Amber,65.0,0.0,Low,0.0,Improving,0.0602,Low,3.61,Stable,3.61,Placement,Low,No,No immediate intervention
S2097,88.59,Green,100.0,0.0293,Low,1.76,Stable,0.059,Low,3.54,Stable,3.54,Placement,Low,No,No immediate intervention
S2675,85.85,Green,100.0,0.0293,Low,1.41,Improving,0.0574,Low,3.44,Stable,3.44,Placement,Low,No,No immediate intervention
S2265,81.87,Green,100.0,0.0476,Low,3.43,Declining,0.0332,Low,1.99,Stable,3.43,Academic,Low,No,No immediate intervention
S2676,73.29,Green,100.0,0.0459,Low,3.3,Declining,0.0455,Low,2.73,Stable,3.3,Academic,Low,No,No immediate intervention
S2422,77.62,Green,100.0,0.0456,Low,3.28,Declining,0.0467,Low,2.8,Stable,3.28,Academic,Low,No,No immediate intervention
S2736,72.81,Green,100.0,0.0025,Low,0.18,Declining,0.0534,Low,3.2,Stable,3.2,Placement,Low,No,No immediate intervention
S2033,88.63,Green,100.0,0.0431,Low,3.1,Declining,0.0491,Low,2.95,Stable,3.1,Academic,Low,No,No immediate intervention
S2175,82.91,Green,100.0,0.0101,Low,0.48,Improving,0.0501,Low,3.01,Stable,3.01,Placement,Low,No,No immediate intervention
S2201,90.19,Green,100.0,0.0429,Low,2.06,Improving,0.0484,Low,2.9,Stable,2.9,Placement,Low,No,No immediate intervention
S2750,83.83,Green,100.0,0.0603,Low,2.89,Improving,0.008,Low,0.48,Stable,2.89,Academic,Low,No,No immediate intervention
S2121,79.72,Green,100.0,0.0395,Low,2.84,Declining,0.027,Low,1.62,Stable,2.84,Academic,Low,No,No immediate intervention
S2275,88.09,Green,100.0,0.0403,Low,2.42,Stable,0.0451,Low,2.71,Stable,2.71,Placement,Low,No,No immediate intervention
S2381,85.17,Green,100.0,0.0565,Low,2.71,Improving,0.0375,Low,2.25,Stable,2.71,Academic,Low,No,No immediate intervention
S2139,86.62,Green,100.0,0.0436,Low,2.09,Improving,0.0443,Low,2.66,Stable,2.66,Placement,Low,No,No immediate intervention
S2520,87.39,Green,100.0,0.0269,Low,1.61,Stable,0.0433,Low,2.6,Stable,2.6,Placement,Low,No,No immediate intervention
S2468,91.74,Green,100.0,0.0391,Low,1.88,Improving,0.0245,Low,1.47,Stable,1.88,Academic,Low,No,No immediate intervention
S2040,83.24,Green,100.0,0.0251,Low,1.2,Improving,0.0285,Low,1.71,Stable,1.71,Placement,Low,No,No immediate intervention
S2216,90.89,Green,100.0,0.03,Low,1.44,Improving,0.0222,Low,1.33,Stable,1.44,Academic,Low,No,No immediate intervention
S2694,72.16,Green,65.0,0.0008,Low,0.06,Declining,0.0131,Low,0.79,Stable,0.79,Placement,Low,No,No immediate intervention
