student_id,success_score,success_score_confidence,success_tier,success_score_status,academic_risk_probability,academic_risk_label,academic_risk_tier,placement_risk_probability,placement_risk_label,placement_risk_tier
S2001,66.72,100.0,Amber,Reliable,0.5669,1,Medium,0.4602,1,Medium
S2002,74.62,100.0,Green,Reliable,0.23,0,Low,0.2689,1,Medium
S2003,78.63,100.0,Green,Reliable,0.2844,0,Low,0.4001,1,Medium
S2004,79.69,100.0,Green,Reliable,0.011,0,Low,0.4551,1,Medium
S2005,81.85,100.0,Green,Reliable,0.0233,0,Low,0.6233,1,High
S2006,90.37,100.0,Green,Reliable,0.0472,0,Low,0.1184,0,Low
S2007,82.47,100.0,Green,Reliable,0.8505,1,High,0.4904,1,Medium
S2008,84.6,100.0,Green,Reliable,0.0232,0,Low,0.8409,1,High
S2009,70.63,100.0,Green,Reliable,0.3528,1,Medium,0.4429,1,Medium
S2010,83.97,100.0,Green,Reliable,0.3836,1,Medium,0.1167,0,Low
S2011,74.15,100.0,Green,Reliable,0.2497,0,Low,0.1762,0,Low
S2012,85.7,100.0,Green,Reliable,0.1015,0,Low,0.3038,1,Medium
S2013,80.09,80.0,Green,Reliable,0.125,0,Low,0.0391,0,Low
S2014,74.5,100.0,Green,Reliable,0.469,1,Medium,0.2118,1,Medium
S2015,76.48,100.0,Green,Reliable,0.7041,1,High,0.1612,0,Low
S2016,72.03,95.0,Green,Reliable,0.3432,1,Medium,0.1119,0,Low
S2017,73.52,100.0,Green,Reliable,0.039,0,Low,0.3696,1,Medium
S2018,80.46,100.0,Green,Reliable,0.6066,1,High,0.2305,1,Medium
S2019,79.44,100.0,Green,Reliable,0.4054,1,Medium,0.0957,0,Low
S2020,73.53,100.0,Green,Reliable,0.282,0,Low,0.2181,1,Medium
S2021,67.91,100.0,Amber,Reliable,0.2567,0,Low,0.0169,0,Low
S2022,83.2,100.0,Green,Reliable,0.003,0,Low,0.0958,0,Low
S2023,74.09,80.0,Green,Reliable,0.2213,0,Low,0.5032,1,High
S2024,71.25,100.0,Green,Reliable,0.3503,1,Medium,0.0857,0,Low
S2025,79.1,100.0,Green,Reliable,0.0094,0,Low,0.9237,1,High
S2026,74.36,100.0,Green,Reliable,0.5671,1,Medium,0.2633,1,Medium
S2027,69.15,100.0,Amber,Reliable,0.9205,1,High,0.0026,0,Low
S2028,67.41,100.0,Amber,Reliable,0.6898,1,High,0.0891,0,Low
S2029,72.87,100.0,Green,Reliable,0.1135,0,Low,0.7562,1,High
S2030,75.17,100.0,Green,Reliable,0.1996,0,Low,0.0231,0,Low
S2031,77.68,100.0,Green,Reliable,0.0596,0,Low,0.7924,1,High
S2032,85.54,100.0,Green,Reliable,0.111,0,Low,0.4024,1,Medium
S2033,88.63,100.0,Green,Reliable,0.0431,0,Low,0.0491,0,Low
S2034,81.58,100.0,Green,Reliable,0.2971,0,Low,0.0368,0,Low
S2035,78.37,100.0,Green,Reliable,0.2814,0,Low,0.6222,1,High
S2036,79.67,100.0,Green,Reliable,0.0636,0,Low,0.6333,1,High
S2037,69.59,100.0,Amber,Reliable,0.5816,1,Medium,0.1045,0,Low
S2038,65.88,100.0,Amber,Reliable,0.4622,1,Medium,0.9224,1,High
S2039,83.88,95.0,Green,Reliable,0.0547,0,Low,0.4478,1,Medium
S2040,83.24,100.0,Green,Reliable,0.0251,0,Low,0.0285,0,Low
S2041,78.25,95.0,Green,Reliable,0.22,0,Low,0.3523,1,Medium
S2042,66.2,80.0,Amber,Reliable,0.4497,1,Medium,0.1164,0,Low
S2043,71.21,100.0,Green,Reliable,0.3486,1,Medium,0.7601,1,High
S2044,63.66,100.0,Amber,Reliable,0.1791,0,Low,0.0628,0,Low
S2045,72.34,100.0,Green,Reliable,0.0985,0,Low,0.3559,1,Medium
S2046,84.92,100.0,Green,Reliable,0.0339,0,Low,0.1791,0,Low
S2047,69.59,100.0,Amber,Reliable,0.4789,1,Medium,0.0765,0,Low
S2048,75.08,100.0,Green,Reliable,0.1638,0,Low,0.5507,1,High
S2049,74.24,100.0,Green,Reliable,0.3149,1,Medium,0.101,0,Low
S2050,67.45,100.0,Amber,Reliable,0.2072,0,Low,0.5183,1,High
S2051,74.69,100.0,Green,Reliable,0.1061,0,Low,0.4609,1,Medium
S2052,69.67,100.0,Amber,Reliable,0.2422,0,Low,0.9604,1,High
S2053,83.6,100.0,Green,Reliable,0.2174,0,Low,0.3776,1,Medium
S2054,72.99,100.0,Green,Reliable,0.966,1,High,0.6794,1,High
S2055,76.28,100.0,Green,Reliable,0.1525,0,Low,0.3019,1,Medium
S2056,82.02,100.0,Green,Reliable,0.0186,0,Low,0.2065,1,Medium
S2057,83.36,100.0,Green,Reliable,0.0505,0,Low,0.2323,1,Medium
S2058,80.93,100.0,Green,Reliable,0.2159,0,Low,0.1065,0,Low
S2059,78.2,100.0,Green,Reliable,0.0262,0,Low,0.431,1,Medium
S2060,83.82,100.0,Green,Reliable,0.0897,0,Low,0.629,1,High
S2061,78.57,100.0,Green,Reliable,0.2022,0,Low,0.3247,1,Medium
S2062,81.02,100.0,Green,Reliable,0.5856,1,Medium,0.3302,1,Medium
S2063,77.83,100.0,Green,Reliable,0.6995,1,High,0.0148,0,Low
S2064,81.14,100.0,Green,Reliable,0.7513,1,High,0.1948,0,Low
S2065,74.13,100.0,Green,Reliable,0.0866,0,Low,0.2549,1,Medium
S2066,70.38,100.0,Green,Reliable,0.3719,1,Medium,0.1219,0,Low
S2067,75.36,100.0,Green,Reliable,0.3867,1,Medium,0.1819,0,Low
S2068,75.21,100.0,Green,Reliable,0.2864,0,Low,0.5235,1,High
S2069,62.61,100.0,Amber,Reliable,0.8838,1,High,0.0681,0,Low
S2070,62.38,100.0,Amber,Reliable,0.2077,0,Low,0.904,1,High
S2071,83.43,100.0,Green,Reliable,0.1752,0,Low,0.0115,0,Low
S2072,81.24,100.0,Green,Reliable,0.2154,0,Low,0.4293,1,Medium
S2073,81.89,100.0,Green,Reliable,0.1784,0,Low,0.1455,0,Low
S2074,72.22,100.0,Green,Reliable,0.0287,0,Low,0.7612,1,High
S2075,79.29,100.0,Green,Reliable,0.4273,1,Medium,0.0331,0,Low
S2076,81.35,100.0,Green,Reliable,0.04,0,Low,0.7884,1,High
S2077,60.29,100.0,Amber,Reliable,0.7292,1,High,0.3355,1,Medium
S2078,60.1,100.0,Amber,Reliable,0.2327,0,Low,0.8624,1,High
S2079,80.77,100.0,Green,Reliable,0.2006,0,Low,0.4838,1,Medium
S2080,70.49,100.0,Green,Reliable,0.1388,0,Low,0.3346,1,Medium
S2081,70.82,95.0,Green,Reliable,0.5556,1,Medium,0.2316,1,Medium
S2082,67.42,100.0,Amber,Reliable,0.6198,1,High,0.0487,0,Low
S2083,77.4,100.0,Green,Reliable,0.0288,0,Low,0.8773,1,High
S2084,85.63,100.0,Green,Reliable,0.1038,0,Low,0.166,0,Low
S2085,61.46,100.0,Amber,Reliable,0.2705,0,Low,0.3489,1,Medium
S2086,87.85,100.0,Green,Reliable,0.0787,0,Low,0.3936,1,Medium
S2087,81.1,100.0,Green,Reliable,0.0723,0,Low,0.3345,1,Medium
S2088,81.45,100.0,Green,Reliable,0.1166,0,Low,0.1152,0,Low
S2089,79.52,95.0,Green,Reliable,0.7188,1,High,0.624,1,High
S2090,77.55,100.0,Green,Reliable,0.7214,1,High,0.4711,1,Medium
S2091,73.77,100.0,Green,Reliable,0.2047,0,Low,0.9174,1,High
S2092,67.24,95.0,Amber,Reliable,0.0677,0,Low,0.299,1,Medium
S2093,80.71,100.0,Green,Reliable,0.0582,0,Low,0.4501,1,Medium
S2094,75.54,100.0,Green,Reliable,0.2891,0,Low,0.285,1,Medium
S2095,73.72,100.0,Green,Reliable,0.2699,0,Low,0.5302,1,High
S2096,71.89,100.0,Green,Reliable,0.4203,1,Medium,0.6056,1,High
S2097,88.59,100.0,Green,Reliable,0.0293,0,Low,0.059,0,Low
S2098,72.7,100.0,Green,Reliable,0.4671,1,Medium,0.5885,1,High
S2099,83.7,100.0,Green,Reliable,0.0662,0,Low,0.0646,0,Low
S2100,69.3,100.0,Amber,Reliable,0.3568,1,Medium,0.1037,0,Low
S2101,83.84,100.0,Green,Reliable,0.0627,0,Low,0.3142,1,Medium
S2102,77.83,100.0,Green,Reliable,0.0094,0,Low,0.303,1,Medium
S2103,69.46,100.0,Amber,Reliable,0.2566,0,Low,0.3456,1,Medium
S2104,81.66,100.0,Green,Reliable,0.0111,0,Low,0.1545,0,Low
S2105,63.94,100.0,Amber,Reliable,0.2937,0,Low,0.1653,0,Low
S2106,80.31,80.0,Green,Reliable,0.0723,0,Low,0.3646,1,Medium
S2107,57.68,100.0,Amber,Reliable,0.2251,0,Low,0.5093,1,High
S2108,74.27,100.0,Green,Reliable,0.1727,0,Low,0.2954,1,Medium
S2109,78.89,100.0,Green,Reliable,0.037,0,Low,0.8471,1,High
S2110,90.8,100.0,Green,Reliable,0.0154,0,Low,0.1848,0,Low
S2111,74.94,100.0,Green,Reliable,0.1331,0,Low,0.7057,1,High
S2112,79.61,100.0,Green,Reliable,0.1264,0,Low,0.0657,0,Low
S2113,81.88,100.0,Green,Reliable,0.4676,1,Medium,0.2351,1,Medium
S2114,76.84,100.0,Green,Reliable,0.0848,0,Low,0.0965,0,Low
S2115,90.75,100.0,Green,Reliable,0.0769,0,Low,0.0823,0,Low
S2116,77.62,100.0,Green,Reliable,0.0584,0,Low,0.2673,1,Medium
S2117,81.1,100.0,Green,Reliable,0.1696,0,Low,0.3159,1,Medium
S2118,87.85,100.0,Green,Reliable,0.1302,0,Low,0.2359,1,Medium
S2119,86.72,100.0,Green,Reliable,0.0142,0,Low,0.1389,0,Low
S2120,85.07,100.0,Green,Reliable,0.1339,0,Low,0.0458,0,Low
S2121,79.72,100.0,Green,Reliable,0.0395,0,Low,0.027,0,Low
S2122,79.09,100.0,Green,Reliable,0.6325,1,High,0.2608,1,Medium
S2123,64.72,100.0,Amber,Reliable,0.5992,1,Medium,0.4803,1,Medium
S2124,67.73,100.0,Amber,Reliable,0.3725,1,Medium,0.3508,1,Medium
S2125,70.12,100.0,Green,Reliable,0.0492,0,Low,0.2036,1,Medium
S2126,71.15,100.0,Green,Reliable,0.5069,1,Medium,0.3476,1,Medium
S2127,83.81,100.0,Green,Reliable,0.2465,0,Low,0.0973,0,Low
S2128,82.97,100.0,Green,Reliable,0.4901,1,Medium,0.4421,1,Medium
S2129,71.61,95.0,Green,Reliable,0.1175,0,Low,0.5007,1,High
S2130,85.88,100.0,Green,Reliable,0.0299,0,Low,0.2487,1,Medium
S2131,67.96,95.0,Amber,Reliable,0.1867,0,Low,0.3601,1,Medium
S2132,76.35,100.0,Green,Reliable,0.0821,0,Low,0.1081,0,Low
S2133,78.72,100.0,Green,Reliable,0.2295,0,Low,0.0131,0,Low
S2134,75.27,100.0,Green,Reliable,0.3842,1,Medium,0.7292,1,High
S2135,67.08,100.0,Amber,Reliable,0.1411,0,Low,0.1025,0,Low
S2136,73.86,100.0,Green,Reliable,0.0569,0,Low,0.3034,1,Medium
S2137,77.45,100.0,Green,Reliable,0.0504,0,Low,0.486,1,Medium
S2138,84.91,100.0,Green,Reliable,0.114,0,Low,0.1587,0,Low
S2139,86.62,100.0,Green,Reliable,0.0436,0,Low,0.0443,0,Low
S2140,78.9,100.0,Green,Reliable,0.2687,0,Low,0.0734,0,Low
S2141,59.39,100.0,Amber,Reliable,0.8222,1,High,0.4962,1,Medium
S2142,75.69,100.0,Green,Reliable,0.0886,0,Low,0.2725,1,Medium
S2143,65.11,100.0,Amber,Reliable,0.8576,1,High,0.1277,0,Low
S2144,69.13,100.0,Amber,Reliable,0.3638,1,Medium,0.5499,1,High
S2145,72.07,100.0,Green,Reliable,0.078,0,Low,0.1878,0,Low
S2146,78.81,100.0,Green,Reliable,0.2023,0,Low,0.3914,1,Medium
S2147,74.02,80.0,Green,Reliable,0.4808,1,Medium,0.2674,1,Medium
S2148,81.7,100.0,Green,Reliable,0.1261,0,Low,0.454,1,Medium
S2149,80.53,100.0,Green,Reliable,0.4761,1,Medium,0.769,1,High
S2150,84.71,100.0,Green,Reliable,0.0915,0,Low,0.0881,0,Low
S2151,83.06,100.0,Green,Reliable,0.0831,0,Low,0.1668,0,Low
S2152,83.37,100.0,Green,Reliable,0.6516,1,High,0.0806,0,Low
S2153,69.72,100.0,Amber,Reliable,0.6926,1,High,0.8087,1,High
S2154,77.54,100.0,Green,Reliable,0.7271,1,High,0.815,1,High
S2155,75.86,100.0,Green,Reliable,0.8471,1,High,0.2984,1,Medium
S2156,89.21,100.0,Green,Reliable,0.0984,0,Low,0.0611,0,Low
S2157,69.71,100.0,Amber,Reliable,0.1773,0,Low,0.0965,0,Low
S2158,83.18,100.0,Green,Reliable,0.2326,0,Low,0.0652,0,Low
S2159,78.52,100.0,Green,Reliable,0.0335,0,Low,0.3766,1,Medium
S2160,70.7,100.0,Green,Reliable,0.1795,0,Low,0.3539,1,Medium
S2161,85.04,100.0,Green,Reliable,0.0834,0,Low,0.1567,0,Low
S2162,71.08,100.0,Green,Reliable,0.0515,0,Low,0.1351,0,Low
S2163,85.91,100.0,Green,Reliable,0.0368,0,Low,0.4632,1,Medium
S2164,79.48,100.0,Green,Reliable,0.2936,0,Low,0.5484,1,High
S2165,75.54,100.0,Green,Reliable,0.1971,0,Low,0.1171,0,Low
S2166,84.49,100.0,Green,Reliable,0.0969,0,Low,0.04,0,Low
S2167,81.66,100.0,Green,Reliable,0.575,1,Medium,0.1412,0,Low
S2168,76.84,100.0,Green,Reliable,0.182,0,Low,0.5937,1,High
S2169,69.77,100.0,Amber,Reliable,0.3918,1,Medium,0.2489,1,Medium
S2170,75.96,80.0,Green,Reliable,0.2318,0,Low,0.0219,0,Low
S2171,83.08,100.0,Green,Reliable,0.1058,0,Low,0.5102,1,High
S2172,72.63,100.0,Green,Reliable,0.0575,0,Low,0.4508,1,Medium
S2173,65.84,100.0,Amber,Reliable,0.0825,0,Low,0.9147,1,High
S2174,69.08,100.0,Amber,Reliable,0.3124,1,Medium,0.0734,0,Low
S2175,82.91,100.0,Green,Reliable,0.0101,0,Low,0.0501,0,Low
S2176,75.19,100.0,Green,Reliable,0.855,1,High,0.4433,1,Medium
S2177,77.24,100.0,Green,Reliable,0.3304,1,Medium,0.744,1,High
S2178,70.81,100.0,Green,Reliable,0.7061,1,High,0.1626,0,Low
S2179,72.63,65.0,Green,Reliable,0.0011,0,Low,0.1314,0,Low
S2180,74.58,100.0,Green,Reliable,0.0409,0,Low,0.1485,0,Low
S2181,77.36,100.0,Green,Reliable,0.2408,0,Low,0.4396,1,Medium
S2182,63.48,100.0,Amber,Reliable,0.4778,1,Medium,0.6045,1,High
S2183,71.41,100.0,Green,Reliable,0.2145,0,Low,0.0737,0,Low
S2184,87.52,100.0,Green,Reliable,0.132,0,Low,0.1976,0,Low
S2185,77.56,100.0,Green,Reliable,0.045,0,Low,0.5235,1,High
S2186,85.51,100.0,Green,Reliable,0.1116,0,Low,0.3082,1,Medium
S2187,69.96,100.0,Amber,Reliable,0.2879,0,Low,0.6141,1,High
S2188,64.89,100.0,Amber,Reliable,0.5246,1,Medium,0.2587,1,Medium
S2189,76.41,100.0,Green,Reliable,0.4038,1,Medium,0.2473,1,Medium
S2190,83.78,100.0,Green,Reliable,0.1741,0,Low,0.1025,0,Low
S2191,79.07,100.0,Green,Reliable,0.2232,0,Low,0.5334,1,High
S2192,80.95,95.0,Green,Reliable,0.5973,1,Medium,0.1432,0,Low
S2193,83.11,100.0,Green,Reliable,0.1262,0,Low,0.7796,1,High
S2194,72.71,100.0,Green,Reliable,0.3525,1,Medium,0.5377,1,High
S2195,71.29,100.0,Green,Reliable,0.6244,1,High,0.0608,0,Low
S2196,80.43,100.0,Green,Reliable,0.2142,0,Low,0.2998,1,Medium
S2197,74.51,95.0,Green,Reliable,0.4934,1,Medium,0.1776,0,Low
S2198,81.32,100.0,Green,Reliable,0.0719,0,Low,0.1237,0,Low
S2199,78.15,100.0,Green,Reliable,0.4622,1,Medium,0.2944,1,Medium
S2200,79.58,100.0,Green,Reliable,0.0734,0,Low,0.5064,1,High
S2201,90.19,100.0,Green,Reliable,0.0429,0,Low,0.0484,0,Low
S2202,83.2,80.0,Green,Reliable,0.4052,1,Medium,0.677,1,High
S2203,60.96,100.0,Amber,Reliable,0.5405,1,Medium,0.3715,1,Medium
S2204,74.94,100.0,Green,Reliable,0.3615,1,Medium,0.5827,1,High
S2205,62.44,100.0,Amber,Reliable,0.6557,1,High,0.286,1,Medium
S2206,69.2,100.0,Amber,Reliable,0.394,1,Medium,0.8636,1,High
S2207,86.11,100.0,Green,Reliable,0.232,0,Low,0.1817,0,Low
S2208,73.53,100.0,Green,Reliable,0.3434,1,Medium,0.5901,1,High
S2209,64.31,100.0,Amber,Reliable,0.2584,0,Low,0.2746,1,Medium
S2210,73.26,100.0,Green,Reliable,0.3151,1,Medium,0.0356,0,Low
S2211,74.86,100.0,Green,Reliable,0.5079,1,Medium,0.1014,0,Low
S2212,73.94,95.0,Green,Reliable,0.1616,0,Low,0.4003,1,Medium
S2213,78.3,100.0,Green,Reliable,0.5358,1,Medium,0.1294,0,Low
S2214,80.21,100.0,Green,Reliable,0.2865,0,Low,0.2819,1,Medium
S2215,82.9,100.0,Green,Reliable,0.0394,0,Low,0.2723,1,Medium
S2216,90.89,100.0,Green,Reliable,0.03,0,Low,0.0222,0,Low
S2217,72.84,100.0,Green,Reliable,0.0346,0,Low,0.5536,1,High
S2218,60.7,95.0,Amber,Reliable,0.2551,0,Low,0.7791,1,High
S2219,78.33,100.0,Green,Reliable,0.5753,1,Medium,0.0228,0,Low
S2220,58.3,100.0,Amber,Reliable,0.0955,0,Low,0.3757,1,Medium
S2221,70.16,100.0,Green,Reliable,0.4343,1,Medium,0.2138,1,Medium
S2222,72.67,100.0,Green,Reliable,0.3808,1,Medium,0.9186,1,High
S2223,85.58,100.0,Green,Reliable,0.1953,0,Low,0.1297,0,Low
S2224,83.37,100.0,Green,Reliable,0.0872,0,Low,0.4877,1,Medium
S2225,78.44,100.0,Green,Reliable,0.2106,0,Low,0.1029,0,Low
S2226,82.47,100.0,Green,Reliable,0.0174,0,Low,0.2835,1,Medium
S2227,67.99,100.0,Amber,Reliable,0.0129,0,Low,0.1339,0,Low
S2228,73.99,100.0,Green,Reliable,0.0766,0,Low,0.0875,0,Low
S2229,81.5,100.0,Green,Reliable,0.1515,0,Low,0.1762,0,Low
S2230,81.35,100.0,Green,Reliable,0.191,0,Low,0.3997,1,Medium
S2231,79.69,100.0,Green,Reliable,0.0672,0,Low,0.2672,1,Medium
S2232,78.87,100.0,Green,Reliable,0.1503,0,Low,0.1821,0,Low
S2233,60.92,100.0,Amber,Reliable,0.351,1,Medium,0.1617,0,Low
S2234,70.83,100.0,Green,Reliable,0.1083,0,Low,0.5179,1,High
S2235,78.62,100.0,Green,Reliable,0.0424,0,Low,0.4227,1,Medium
S2236,65.98,100.0,Amber,Reliable,0.9209,1,High,0.3971,1,Medium
S2237,73.94,95.0,Green,Reliable,0.0858,0,Low,0.3695,1,Medium
S2238,80.51,95.0,Green,Reliable,0.0102,0,Low,0.3659,1,Medium
S2239,69.78,100.0,Amber,Reliable,0.1335,0,Low,0.295,1,Medium
S2240,82.51,100.0,Green,Reliable,0.3254,1,Medium,0.2555,1,Medium
S2241,64.66,100.0,Amber,Reliable,0.2332,0,Low,0.5461,1,High
S2242,79.12,100.0,Green,Reliable,0.1194,0,Low,0.1298,0,Low
S2243,75.64,100.0,Green,Reliable,0.1899,0,Low,0.4027,1,Medium
S2244,83.6,100.0,Green,Reliable,0.2342,0,Low,0.0232,0,Low
S2245,70.9,100.0,Green,Reliable,0.0367,0,Low,0.2875,1,Medium
S2246,83.06,100.0,Green,Reliable,0.7073,1,High,0.0585,0,Low
S2247,58.7,100.0,Amber,Reliable,0.6881,1,High,0.4007,1,Medium
S2248,71.6,100.0,Green,Reliable,0.3268,1,Medium,0.9307,1,High
S2249,70.98,100.0,Green,Reliable,0.594,1,Medium,0.7113,1,High
S2250,77.46,100.0,Green,Reliable,0.052,0,Low,0.2243,1,Medium
S2251,70.84,100.0,Green,Reliable,0.1868,0,Low,0.0155,0,Low
S2252,71.02,100.0,Green,Reliable,0.6414,1,High,0.3307,1,Medium
S2253,78.5,100.0,Green,Reliable,0.5869,1,Medium,0.3277,1,Medium
S2254,72.66,100.0,Green,Reliable,0.3767,1,Medium,0.4496,1,Medium
S2255,82.64,100.0,Green,Reliable,0.0245,0,Low,0.5351,1,High
S2256,72.65,100.0,Green,Reliable,0.1944,0,Low,0.4208,1,Medium
S2257,75.82,100.0,Green,Reliable,0.1547,0,Low,0.8265,1,High
S2258,80.45,100.0,Green,Reliable,0.129,0,Low,0.0684,0,Low
S2259,80.5,100.0,Green,Reliable,0.0225,0,Low,0.4495,1,Medium
S2260,67.59,100.0,Amber,Reliable,0.7588,1,High,0.9554,1,High
S2261,68.93,100.0,Amber,Reliable,0.2148,0,Low,0.317,1,Medium
S2262,71.78,100.0,Green,Reliable,0.4326,1,Medium,0.9808,1,High
S2263,70.57,100.0,Green,Reliable,0.5434,1,Medium,0.1822,0,Low
S2264,75.28,80.0,Green,Reliable,0.0629,0,Low,0.3838,1,Medium
S2265,81.87,100.0,Green,Reliable,0.0476,0,Low,0.0332,0,Low
S2266,77.37,100.0,Green,Reliable,0.0051,0,Low,0.0797,0,Low
S2267,70.51,100.0,Green,Reliable,0.4056,1,Medium,0.5149,1,High
S2268,84.25,100.0,Green,Reliable,0.4155,1,Medium,0.5979,1,High
S2269,81.13,100.0,Green,Reliable,0.8204,1,High,0.6675,1,High
S2270,75.93,100.0,Green,Reliable,0.0787,0,Low,0.108,0,Low
S2271,69.05,100.0,Amber,Reliable,0.7148,1,High,0.457,1,Medium
S2272,73.0,100.0,Green,Reliable,0.2546,0,Low,0.7222,1,High
S2273,81.63,100.0,Green,Reliable,0.1972,0,Low,0.0375,0,Low
S2274,71.43,100.0,Green,Reliable,0.6937,1,High,0.3888,1,Medium
S2275,88.09,100.0,Green,Reliable,0.0403,0,Low,0.0451,0,Low
S2276,79.21,100.0,Green,Reliable,0.4224,1,Medium,0.7084,1,High
S2277,75.87,100.0,Green,Reliable,0.8435,1,High,0.3125,1,Medium
S2278,71.73,100.0,Green,Reliable,0.571,1,Medium,0.8623,1,High
S2279,70.64,100.0,Green,Reliable,0.4986,1,Medium,0.0669,0,Low
S2280,84.5,100.0,Green,Reliable,0.237,0,Low,0.3246,1,Medium
S2281,78.82,100.0,Green,Reliable,0.532,1,Medium,0.8286,1,High
S2282,81.84,100.0,Green,Reliable,0.0755,0,Low,0.0833,0,Low
S2283,70.41,80.0,Green,Reliable,0.8675,1,High,0.3912,1,Medium
S2284,70.71,100.0,Green,Reliable,0.1796,0,Low,0.2594,1,Medium
S2285,65.79,100.0,Amber,Reliable,0.926,1,High,0.8939,1,High
S2286,89.72,100.0,Green,Reliable,0.0725,0,Low,0.182,0,Low
S2287,71.11,80.0,Green,Reliable,0.3356,1,Medium,0.5538,1,High
S2288,79.88,100.0,Green,Reliable,0.0703,0,Low,0.6373,1,High
S2289,74.91,100.0,Green,Reliable,0.0075,0,Low,0.281,1,Medium
S2290,62.5,100.0,Amber,Reliable,0.7038,1,High,0.7591,1,High
S2291,79.4,100.0,Green,Reliable,0.8271,1,High,0.7927,1,High
S2292,73.63,100.0,Green,Reliable,0.3007,1,Medium,0.7368,1,High
S2293,74.38,100.0,Green,Reliable,0.2552,0,Low,0.5064,1,High
S2294,78.45,100.0,Green,Reliable,0.3324,1,Medium,0.1302,0,Low
S2295,69.61,95.0,Amber,Reliable,0.1711,0,Low,0.3223,1,Medium
S2296,73.82,100.0,Green,Reliable,0.2786,0,Low,0.6814,1,High
S2297,78.92,100.0,Green,Reliable,0.386,1,Medium,0.168,0,Low
S2298,68.31,95.0,Amber,Reliable,0.1458,0,Low,0.4933,1,Medium
S2299,79.4,100.0,Green,Reliable,0.374,1,Medium,0.0471,0,Low
S2300,77.84,100.0,Green,Reliable,0.2325,0,Low,0.6025,1,High
S2301,79.23,100.0,Green,Reliable,0.0205,0,Low,0.6117,1,High
S2302,83.44,80.0,Green,Reliable,0.032,0,Low,0.1457,0,Low
S2303,67.08,100.0,Amber,Reliable,0.7568,1,High,0.8385,1,High
S2304,78.4,100.0,Green,Reliable,0.1363,0,Low,0.2428,1,Medium
S2305,75.71,100.0,Green,Reliable,0.3954,1,Medium,0.5007,1,High
S2306,72.49,100.0,Green,Reliable,0.3929,1,Medium,0.2175,1,Medium
S2307,67.84,100.0,Amber,Reliable,0.3725,1,Medium,0.2216,1,Medium
S2308,74.63,100.0,Green,Reliable,0.5514,1,Medium,0.4693,1,Medium
S2309,80.49,100.0,Green,Reliable,0.0273,0,Low,0.2725,1,Medium
S2310,74.57,100.0,Green,Reliable,0.5612,1,Medium,0.4732,1,Medium
S2311,72.16,100.0,Green,Reliable,0.1576,0,Low,0.2658,1,Medium
S2312,82.62,100.0,Green,Reliable,0.0055,0,Low,0.2539,1,Medium
S2313,82.61,100.0,Green,Reliable,0.3287,1,Medium,0.2473,1,Medium
S2314,84.46,100.0,Green,Reliable,0.0328,0,Low,0.2236,1,Medium
S2315,62.72,100.0,Amber,Reliable,0.1546,0,Low,0.6697,1,High
S2316,82.71,100.0,Green,Reliable,0.3547,1,Medium,0.4541,1,Medium
S2317,79.29,100.0,Green,Reliable,0.1274,0,Low,0.4069,1,Medium
S2318,68.24,100.0,Amber,Reliable,0.6118,1,High,0.8839,1,High
S2319,74.07,100.0,Green,Reliable,0.5616,1,Medium,0.1076,0,Low
S2320,63.05,100.0,Amber,Reliable,0.7407,1,High,0.0563,0,Low
S2321,80.54,100.0,Green,Reliable,0.0922,0,Low,0.3145,1,Medium
S2322,84.45,100.0,Green,Reliable,0.2478,0,Low,0.1901,0,Low
S2323,77.96,100.0,Green,Reliable,0.4656,1,Medium,0.5358,1,High
S2324,75.72,100.0,Green,Reliable,0.1543,0,Low,0.9598,1,High
S2325,79.99,100.0,Green,Reliable,0.0155,0,Low,0.1752,0,Low
S2326,77.54,100.0,Green,Reliable,0.1011,0,Low,0.5325,1,High
S2327,74.49,100.0,Green,Reliable,0.3941,1,Medium,0.2992,1,Medium
S2328,81.36,100.0,Green,Reliable,0.0887,0,Low,0.3294,1,Medium
S2329,81.23,100.0,Green,Reliable,0.0739,0,Low,0.2738,1,Medium
S2330,77.37,100.0,Green,Reliable,0.2057,0,Low,0.2957,1,Medium
S2331,84.15,100.0,Green,Reliable,0.3125,1,Medium,0.0297,0,Low
S2332,89.36,100.0,Green,Reliable,0.215,0,Low,0.1594,0,Low
S2333,79.11,100.0,Green,Reliable,0.1157,0,Low,0.4407,1,Medium
S2334,68.51,100.0,Amber,Reliable,0.3732,1,Medium,0.7813,1,High
S2335,79.87,100.0,Green,Reliable,0.2229,0,Low,0.0826,0,Low
S2336,78.11,100.0,Green,Reliable,0.8418,1,High,0.0662,0,Low
S2337,72.46,100.0,Green,Reliable,0.596,1,Medium,0.4431,1,Medium
S2338,64.4,100.0,Amber,Reliable,0.446,1,Medium,0.3093,1,Medium
S2339,80.44,100.0,Green,Reliable,0.2581,0,Low,0.3722,1,Medium
S2340,76.74,100.0,Green,Reliable,0.3204,1,Medium,0.7086,1,High
S2341,63.21,100.0,Amber,Reliable,0.8846,1,High,0.2988,1,Medium
S2342,75.59,100.0,Green,Reliable,0.2451,0,Low,0.0898,0,Low
S2343,71.96,100.0,Green,Reliable,0.1881,0,Low,0.2498,1,Medium
S2344,84.32,100.0,Green,Reliable,0.3465,1,Medium,0.0236,0,Low
S2345,82.82,100.0,Green,Reliable,0.1018,0,Low,0.3266,1,Medium
S2346,66.36,100.0,Amber,Reliable,0.1933,0,Low,0.4807,1,Medium
S2347,79.17,100.0,Green,Reliable,0.1545,0,Low,0.1522,0,Low
S2348,73.28,100.0,Green,Reliable,0.1135,0,Low,0.5252,1,High
S2349,72.64,100.0,Green,Reliable,0.2959,0,Low,0.8738,1,High
S2350,83.91,100.0,Green,Reliable,0.21,0,Low,0.2507,1,Medium
S2351,68.91,100.0,Amber,Reliable,0.5479,1,Medium,0.1755,0,Low
S2352,86.92,100.0,Green,Reliable,0.0486,0,Low,0.1151,0,Low
S2353,72.09,100.0,Green,Reliable,0.4662,1,Medium,0.6398,1,High
S2354,87.69,100.0,Green,Reliable,0.1218,0,Low,0.0224,0,Low
S2355,84.56,100.0,Green,Reliable,0.3539,1,Medium,0.0593,0,Low
S2356,77.14,100.0,Green,Reliable,0.8402,1,High,0.0543,0,Low
S2357,76.77,100.0,Green,Reliable,0.1562,0,Low,0.0557,0,Low
S2358,81.67,100.0,Green,Reliable,0.1686,0,Low,0.0942,0,Low
S2359,65.96,100.0,Amber,Reliable,0.9396,1,High,0.3189,1,Medium
S2360,80.1,100.0,Green,Reliable,0.9126,1,High,0.5836,1,High
S2361,75.27,100.0,Green,Reliable,0.5926,1,Medium,0.8255,1,High
S2362,76.51,100.0,Green,Reliable,0.1405,0,Low,0.1157,0,Low
S2363,88.57,100.0,Green,Reliable,0.181,0,Low,0.1393,0,Low
S2364,79.36,100.0,Green,Reliable,0.1719,0,Low,0.1203,0,Low
S2365,79.72,100.0,Green,Reliable,0.3185,1,Medium,0.517,1,High
S2366,72.19,100.0,Green,Reliable,0.6584,1,High,0.3952,1,Medium
S2367,76.84,100.0,Green,Reliable,0.6575,1,High,0.2341,1,Medium
S2368,81.28,100.0,Green,Reliable,0.0847,0,Low,0.2343,1,Medium
S2369,53.54,100.0,Amber,Reliable,0.5322,1,Medium,0.7741,1,High
S2370,75.63,100.0,Green,Reliable,0.6059,1,High,0.487,1,Medium
S2371,75.84,100.0,Green,Reliable,0.3427,1,Medium,0.5751,1,High
S2372,84.06,100.0,Green,Reliable,0.1344,0,Low,0.103,0,Low
S2373,78.42,100.0,Green,Reliable,0.0768,0,Low,0.2928,1,Medium
S2374,74.18,100.0,Green,Reliable,0.4915,1,Medium,0.1173,0,Low
S2375,76.36,100.0,Green,Reliable,0.3568,1,Medium,0.9405,1,High
S2376,72.69,100.0,Green,Reliable,0.3005,1,Medium,0.7607,1,High
S2377,71.1,100.0,Green,Reliable,0.9289,1,High,0.4533,1,Medium
S2378,68.76,100.0,Amber,Reliable,0.0858,0,Low,0.2854,1,Medium
S2379,81.95,100.0,Green,Reliable,0.0595,0,Low,0.2773,1,Medium
S2380,66.25,100.0,Amber,Reliable,0.2146,0,Low,0.6745,1,High
S2381,85.17,100.0,Green,Reliable,0.0565,0,Low,0.0375,0,Low
S2382,72.94,100.0,Green,Reliable,0.358,1,Medium,0.3629,1,Medium
S2383,76.93,100.0,Green,Reliable,0.2794,0,Low,0.1879,0,Low
S2384,75.76,95.0,Green,Reliable,0.17,0,Low,0.0631,0,Low
S2385,59.26,100.0,Amber,Reliable,0.4728,1,Medium,0.378,1,Medium
S2386,85.88,100.0,Green,Reliable,0.068,0,Low,0.4239,1,Medium
S2387,77.0,100.0,Green,Reliable,0.9614,1,High,0.2753,1,Medium
S2388,81.63,95.0,Green,Reliable,0.0956,0,Low,0.0526,0,Low
S2389,67.03,100.0,Amber,Reliable,0.6983,1,High,0.3096,1,Medium
S2390,77.17,80.0,Green,Reliable,0.3959,1,Medium,0.036,0,Low
S2391,80.9,100.0,Green,Reliable,0.3174,1,Medium,0.4045,1,Medium
S2392,84.61,100.0,Green,Reliable,0.2481,0,Low,0.0924,0,Low
S2393,68.22,100.0,Amber,Reliable,0.1221,0,Low,0.208,1,Medium
S2394,80.63,100.0,Green,Reliable,0.0206,0,Low,0.2457,1,Medium
S2395,80.31,100.0,Green,Reliable,0.1628,0,Low,0.2747,1,Medium
S2396,82.5,100.0,Green,Reliable,0.1034,0,Low,0.2209,1,Medium
S2397,86.98,100.0,Green,Reliable,0.0484,0,Low,0.1364,0,Low
S2398,89.05,100.0,Green,Reliable,0.0298,0,Low,0.555,1,High
S2399,80.93,100.0,Green,Reliable,0.1484,0,Low,0.2051,1,Medium
S2400,66.92,100.0,Amber,Reliable,0.1825,0,Low,0.3872,1,Medium
S2401,76.96,100.0,Green,Reliable,0.1145,0,Low,0.0229,0,Low
S2402,78.29,100.0,Green,Reliable,0.032,0,Low,0.3671,1,Medium
S2403,69.3,100.0,Amber,Reliable,0.4081,1,Medium,0.0748,0,Low
S2404,82.52,100.0,Green,Reliable,0.0191,0,Low,0.2689,1,Medium
S2405,81.3,100.0,Green,Reliable,0.0133,0,Low,0.7035,1,High
S2406,63.24,100.0,Amber,Reliable,0.2081,0,Low,0.269,1,Medium
S2407,80.09,100.0,Green,Reliable,0.6243,1,High,0.5409,1,High
S2408,82.5,100.0,Green,Reliable,0.0229,0,Low,0.0666,0,Low
S2409,84.78,100.0,Green,Reliable,0.7482,1,High,0.3426,1,Medium
S2410,76.73,100.0,Green,Reliable,0.05,0,Low,0.1314,0,Low
S2411,71.74,100.0,Green,Reliable,0.4986,1,Medium,0.0807,0,Low
S2412,81.71,100.0,Green,Reliable,0.8601,1,High,0.156,0,Low
S2413,81.33,100.0,Green,Reliable,0.3432,1,Medium,0.6155,1,High
S2414,80.6,100.0,Green,Reliable,0.2425,0,Low,0.0182,0,Low
S2415,76.58,100.0,Green,Reliable,0.4934,1,Medium,0.3059,1,Medium
S2416,71.28,100.0,Green,Reliable,0.8152,1,High,0.0361,0,Low
S2417,72.92,100.0,Green,Reliable,0.074,0,Low,0.1907,0,Low
S2418,73.78,100.0,Green,Reliable,0.5807,1,Medium,0.4237,1,Medium
S2419,76.74,100.0,Green,Reliable,0.0774,0,Low,0.826,1,High
S2420,85.01,100.0,Green,Reliable,0.0012,0,Low,0.2759,1,Medium
S2421,74.18,100.0,Green,Reliable,0.7533,1,High,0.6866,1,High
S2422,77.62,100.0,Green,Reliable,0.0456,0,Low,0.0467,0,Low
S2423,91.14,100.0,Green,Reliable,0.0681,0,Low,0.0981,0,Low
S2424,72.53,95.0,Green,Reliable,0.1343,0,Low,0.5888,1,High
S2425,66.53,100.0,Amber,Reliable,0.1677,0,Low,0.8008,1,High
S2426,74.85,100.0,Green,Reliable,0.5481,1,Medium,0.3687,1,Medium
S2427,73.35,100.0,Green,Reliable,0.0365,0,Low,0.5925,1,High
S2428,82.48,100.0,Green,Reliable,0.0522,0,Low,0.1093,0,Low
S2429,72.55,100.0,Green,Reliable,0.5719,1,Medium,0.0402,0,Low
S2430,78.08,100.0,Green,Reliable,0.1501,0,Low,0.2295,1,Medium
S2431,79.03,95.0,Green,Reliable,0.0464,0,Low,0.4197,1,Medium
S2432,86.41,100.0,Green,Reliable,0.0963,0,Low,0.5202,1,High
S2433,81.47,100.0,Green,Reliable,0.1392,0,Low,0.2242,1,Medium
S2434,49.16,95.0,Red,Reliable,0.1663,0,Low,0.9793,1,High
S2435,66.71,100.0,Amber,Reliable,0.5313,1,Medium,0.0924,0,Low
S2436,88.89,100.0,Green,Reliable,0.1216,0,Low,0.3094,1,Medium
S2437,73.42,100.0,Green,Reliable,0.7161,1,High,0.6707,1,High
S2438,77.09,100.0,Green,Reliable,0.0091,0,Low,0.3233,1,Medium
S2439,67.65,100.0,Amber,Reliable,0.6409,1,High,0.0647,0,Low
S2440,63.24,100.0,Amber,Reliable,0.5081,1,Medium,0.6824,1,High
S2441,67.3,100.0,Amber,Reliable,0.6329,1,High,0.0338,0,Low
S2442,82.1,100.0,Green,Reliable,0.0822,0,Low,0.7938,1,High
S2443,71.66,100.0,Green,Reliable,0.0261,0,Low,0.412,1,Medium
S2444,70.66,100.0,Green,Reliable,0.3925,1,Medium,0.0257,0,Low
S2445,84.08,100.0,Green,Reliable,0.1996,0,Low,0.1339,0,Low
S2446,75.15,100.0,Green,Reliable,0.1002,0,Low,0.5872,1,High
S2447,77.09,100.0,Green,Reliable,0.5821,1,Medium,0.0138,0,Low
S2448,82.64,95.0,Green,Reliable,0.1271,0,Low,0.5251,1,High
S2449,57.29,100.0,Amber,Reliable,0.1662,0,Low,0.0516,0,Low
S2450,69.19,100.0,Amber,Reliable,0.8745,1,High,0.2759,1,Medium
S2451,73.12,100.0,Green,Reliable,0.2916,0,Low,0.1395,0,Low
S2452,78.65,100.0,Green,Reliable,0.1308,0,Low,0.1006,0,Low
S2453,72.39,100.0,Green,Reliable,0.5772,1,Medium,0.2616,1,Medium
S2454,78.01,100.0,Green,Reliable,0.4869,1,Medium,0.6467,1,High
S2455,87.01,100.0,Green,Reliable,0.1618,0,Low,0.0953,0,Low
S2456,74.42,100.0,Green,Reliable,0.0949,0,Low,0.7524,1,High
S2457,76.31,100.0,Green,Reliable,0.1503,0,Low,0.0705,0,Low
S2458,79.91,100.0,Green,Reliable,0.5211,1,Medium,0.4306,1,Medium
S2459,87.38,100.0,Green,Reliable,0.1176,0,Low,0.7509,1,High
S2460,79.03,80.0,Green,Reliable,0.1083,0,Low,0.6332,1,High
S2461,79.41,100.0,Green,Reliable,0.7583,1,High,0.1258,0,Low
S2462,77.74,100.0,Green,Reliable,0.1132,0,Low,0.4586,1,Medium
S2463,75.06,100.0,Green,Reliable,0.3067,1,Medium,0.1478,0,Low
S2464,73.52,100.0,Green,Reliable,0.056,0,Low,0.4986,1,Medium
S2465,89.34,100.0,Green,Reliable,0.4954,1,Medium,0.0622,0,Low
S2466,76.64,100.0,Green,Reliable,0.2249,0,Low,0.8851,1,High
S2467,71.73,100.0,Green,Reliable,0.5018,1,Medium,0.3651,1,Medium
S2468,91.74,100.0,Green,Reliable,0.0391,0,Low,0.0245,0,Low
S2469,77.45,95.0,Green,Reliable,0.0999,0,Low,0.1997,0,Low
S2470,73.9,100.0,Green,Reliable,0.3279,1,Medium,0.7876,1,High
S2471,77.48,100.0,Green,Reliable,0.1956,0,Low,0.1645,0,Low
S2472,77.87,100.0,Green,Reliable,0.192,0,Low,0.664,1,High
S2473,74.59,100.0,Green,Reliable,0.8677,1,High,0.2847,1,Medium
S2474,79.43,100.0,Green,Reliable,0.1577,0,Low,0.5913,1,High
S2475,75.48,65.0,Green,Reliable,0.0007,0,Low,0.6351,1,High
S2476,86.54,100.0,Green,Reliable,0.2792,0,Low,0.0765,0,Low
S2477,73.6,100.0,Green,Reliable,0.4967,1,Medium,0.1379,0,Low
S2478,77.78,100.0,Green,Reliable,0.179,0,Low,0.2547,1,Medium
S2479,83.58,100.0,Green,Reliable,0.7292,1,High,0.1225,0,Low
S2480,84.02,100.0,Green,Reliable,0.0199,0,Low,0.1663,0,Low
S2481,81.35,100.0,Green,Reliable,0.6123,1,High,0.1593,0,Low
S2482,73.61,100.0,Green,Reliable,0.4961,1,Medium,0.151,0,Low
S2483,68.5,100.0,Amber,Reliable,0.1546,0,Low,0.6981,1,High
S2484,85.05,100.0,Green,Reliable,0.6711,1,High,0.1297,0,Low
S2485,82.79,100.0,Green,Reliable,0.1843,0,Low,0.135,0,Low
S2486,74.58,60.0,Green,Reliable,0.0002,0,Low,0.1563,0,Low
S2487,84.0,100.0,Green,Reliable,0.2803,0,Low,0.2624,1,Medium
S2488,73.51,100.0,Green,Reliable,0.5339,1,Medium,0.2623,1,Medium
S2489,83.21,100.0,Green,Reliable,0.7459,1,High,0.5264,1,High
S2490,73.09,95.0,Green,Reliable,0.4901,1,Medium,0.556,1,High
S2491,81.2,100.0,Green,Reliable,0.8384,1,High,0.1177,0,Low
S2492,78.41,100.0,Green,Reliable,0.5306,1,Medium,0.6204,1,High
S2493,77.86,100.0,Green,Reliable,0.1678,0,Low,0.2533,1,Medium
S2494,69.24,80.0,Amber,Reliable,0.3228,1,Medium,0.8023,1,High
S2495,62.47,100.0,Amber,Reliable,0.6281,1,High,0.6655,1,High
S2496,78.84,100.0,Green,Reliable,0.2682,0,Low,0.3088,1,Medium
S2497,46.37,100.0,Red,Reliable,0.9547,1,High,0.8217,1,High
S2498,68.95,100.0,Amber,Reliable,0.1238,0,Low,0.4422,1,Medium
S2499,65.67,80.0,Amber,Reliable,0.6381,1,High,0.5754,1,High
S2500,83.89,100.0,Green,Reliable,0.0626,0,Low,0.4991,1,Medium
S2501,64.77,100.0,Amber,Reliable,0.058,0,Low,0.31,1,Medium
S2502,75.76,95.0,Green,Reliable,0.0644,0,Low,0.0987,0,Low
S2503,80.71,100.0,Green,Reliable,0.0546,0,Low,0.1381,0,Low
S2504,77.54,100.0,Green,Reliable,0.1345,0,Low,0.4518,1,Medium
S2505,79.69,100.0,Green,Reliable,0.3536,1,Medium,0.0965,0,Low
S2506,80.06,100.0,Green,Reliable,0.1448,0,Low,0.0764,0,Low
S2507,67.86,100.0,Amber,Reliable,0.2979,0,Low,0.5733,1,High
S2508,86.13,100.0,Green,Reliable,0.4197,1,Medium,0.2065,1,Medium
S2509,75.68,100.0,Green,Reliable,0.7539,1,High,0.9095,1,High
S2510,77.29,95.0,Green,Reliable,0.0373,0,Low,0.1715,0,Low
S2511,87.51,100.0,Green,Reliable,0.062,0,Low,0.1728,0,Low
S2512,74.54,95.0,Green,Reliable,0.2626,0,Low,0.341,1,Medium
S2513,79.23,100.0,Green,Reliable,0.1169,0,Low,0.1971,0,Low
S2514,76.26,100.0,Green,Reliable,0.1641,0,Low,0.6985,1,High
S2515,83.26,100.0,Green,Reliable,0.3207,1,Medium,0.2872,1,Medium
S2516,83.01,100.0,Green,Reliable,0.3925,1,Medium,0.106,0,Low
S2517,83.92,95.0,Green,Reliable,0.1298,0,Low,0.2327,1,Medium
S2518,84.17,100.0,Green,Reliable,0.0381,0,Low,0.1022,0,Low
S2519,80.76,100.0,Green,Reliable,0.3129,1,Medium,0.323,1,Medium
S2520,87.39,100.0,Green,Reliable,0.0269,0,Low,0.0433,0,Low
S2521,66.03,100.0,Amber,Reliable,0.7111,1,High,0.7004,1,High
S2522,72.2,100.0,Green,Reliable,0.2054,0,Low,0.5573,1,High
S2523,81.54,100.0,Green,Reliable,0.3812,1,Medium,0.1449,0,Low
S2524,80.13,100.0,Green,Reliable,0.0606,0,Low,0.4045,1,Medium
S2525,71.02,100.0,Green,Reliable,0.0378,0,Low,0.4986,1,Medium
S2526,76.71,100.0,Green,Reliable,0.4167,1,Medium,0.8112,1,High
S2527,80.76,100.0,Green,Reliable,0.1278,0,Low,0.3557,1,Medium
S2528,71.35,100.0,Green,Reliable,0.5343,1,Medium,0.2065,1,Medium
S2529,92.34,100.0,Green,Reliable,0.0992,0,Low,0.0412,0,Low
S2530,66.11,100.0,Amber,Reliable,0.3359,1,Medium,0.0028,0,Low
S2531,82.24,95.0,Green,Reliable,0.1946,0,Low,0.3883,1,Medium
S2532,74.9,80.0,Green,Reliable,0.644,1,High,0.0024,0,Low
S2533,60.32,100.0,Amber,Reliable,0.3502,1,Medium,0.3496,1,Medium
S2534,80.3,95.0,Green,Reliable,0.1033,0,Low,0.0752,0,Low
S2535,70.76,100.0,Green,Reliable,0.5895,1,Medium,0.5501,1,High
S2536,67.46,100.0,Amber,Reliable,0.0283,0,Low,0.6429,1,High
S2537,84.04,100.0,Green,Reliable,0.4496,1,Medium,0.0502,0,Low
S2538,68.2,100.0,Amber,Reliable,0.4192,1,Medium,0.7691,1,High
S2539,69.25,100.0,Amber,Reliable,0.3593,1,Medium,0.0791,0,Low
S2540,86.4,95.0,Green,Reliable,0.4086,1,Medium,0.0747,0,Low
S2541,82.1,100.0,Green,Reliable,0.2145,0,Low,0.4839,1,Medium
S2542,70.74,100.0,Green,Reliable,0.5221,1,Medium,0.2622,1,Medium
S2543,91.03,100.0,Green,Reliable,0.079,0,Low,0.1383,0,Low
S2544,69.23,100.0,Amber,Reliable,0.0504,0,Low,0.6623,1,High
S2545,69.75,100.0,Amber,Reliable,0.6513,1,High,0.6477,1,High
S2546,73.29,100.0,Green,Reliable,0.0581,0,Low,0.3583,1,Medium
S2547,90.01,95.0,Green,Reliable,0.1473,0,Low,0.0624,0,Low
S2548,81.26,100.0,Green,Reliable,0.1047,0,Low,0.7255,1,High
S2549,84.98,100.0,Green,Reliable,0.1451,0,Low,0.2196,1,Medium
S2550,78.23,100.0,Green,Reliable,0.2743,0,Low,0.7207,1,High
S2551,83.05,100.0,Green,Reliable,0.0577,0,Low,0.1191,0,Low
S2552,79.44,100.0,Green,Reliable,0.2954,0,Low,0.7837,1,High
S2553,71.21,100.0,Green,Reliable,0.567,1,Medium,0.9533,1,High
S2554,75.43,100.0,Green,Reliable,0.2236,0,Low,0.0965,0,Low
S2555,86.4,100.0,Green,Reliable,0.0029,0,Low,0.1539,0,Low
S2556,80.16,100.0,Green,Reliable,0.124,0,Low,0.6437,1,High
S2557,67.58,65.0,Amber,Reliable,0.0,0,Low,0.0602,0,Low
S2558,78.61,100.0,Green,Reliable,0.4511,1,Medium,0.5072,1,High
S2559,71.54,95.0,Green,Reliable,0.1396,0,Low,0.3006,1,Medium
S2560,79.92,100.0,Green,Reliable,0.2463,0,Low,0.5147,1,High
S2561,73.27,100.0,Green,Reliable,0.4539,1,Medium,0.6912,1,High
S2562,80.97,100.0,Green,Reliable,0.0206,0,Low,0.415,1,Medium
S2563,79.61,100.0,Green,Reliable,0.4675,1,Medium,0.1551,0,Low
S2564,83.1,100.0,Green,Reliable,0.3431,1,Medium,0.2154,1,Medium
S2565,79.66,100.0,Green,Reliable,0.4963,1,Medium,0.1079,0,Low
S2566,83.69,95.0,Green,Reliable,0.0124,0,Low,0.091,0,Low
S2567,86.91,100.0,Green,Reliable,0.1033,0,Low,0.196,0,Low
S2568,87.46,100.0,Green,Reliable,0.4888,1,Medium,0.2132,1,Medium
S2569,76.91,100.0,Green,Reliable,0.0696,0,Low,0.7269,1,High
S2570,86.55,80.0,Green,Reliable,0.1974,0,Low,0.1393,0,Low
S2571,65.9,100.0,Amber,Reliable,0.8172,1,High,0.5883,1,High
S2572,73.16,100.0,Green,Reliable,0.4237,1,Medium,0.5292,1,High
S2573,81.5,100.0,Green,Reliable,0.0731,0,Low,0.2708,1,Medium
S2574,72.85,100.0,Green,Reliable,0.0323,0,Low,0.4247,1,Medium
S2575,74.47,100.0,Green,Reliable,0.186,0,Low,0.6047,1,High
S2576,83.42,100.0,Green,Reliable,0.1661,0,Low,0.2235,1,Medium
S2577,90.68,100.0,Green,Reliable,0.1304,0,Low,0.0431,0,Low
S2578,70.32,100.0,Green,Reliable,0.0911,0,Low,0.7629,1,High
S2579,74.54,100.0,Green,Reliable,0.7186,1,High,0.6061,1,High
S2580,75.64,100.0,Green,Reliable,0.4381,1,Medium,0.2135,1,Medium
S2581,87.2,80.0,Green,Reliable,0.5331,1,Medium,0.4209,1,Medium
S2582,74.38,100.0,Green,Reliable,0.7486,1,High,0.4677,1,Medium
S2583,73.64,95.0,Green,Reliable,0.1797,0,Low,0.336,1,Medium
S2584,73.3,100.0,Green,Reliable,0.4469,1,Medium,0.3325,1,Medium
S2585,87.16,95.0,Green,Reliable,0.5222,1,Medium,0.0834,0,Low
S2586,82.31,100.0,Green,Reliable,0.1744,0,Low,0.1259,0,Low
S2587,69.46,100.0,Amber,Reliable,0.5446,1,Medium,0.1366,0,Low
S2588,88.47,95.0,Green,Reliable,0.0203,0,Low,0.0948,0,Low
S2589,78.29,100.0,Green,Reliable,0.2173,0,Low,0.4713,1,Medium
S2590,83.8,100.0,Green,Reliable,0.099,0,Low,0.3416,1,Medium
S2591,71.08,100.0,Green,Reliable,0.1497,0,Low,0.9122,1,High
S2592,88.49,100.0,Green,Reliable,0.1979,0,Low,0.1989,0,Low
S2593,83.36,100.0,Green,Reliable,0.1067,0,Low,0.7081,1,High
S2594,78.33,100.0,Green,Reliable,0.0407,0,Low,0.1281,0,Low
S2595,78.14,100.0,Green,Reliable,0.0648,0,Low,0.0083,0,Low
S2596,64.41,100.0,Amber,Reliable,0.4555,1,Medium,0.5375,1,High
S2597,83.11,100.0,Green,Reliable,0.598,1,Medium,0.0129,0,Low
S2598,69.57,100.0,Amber,Reliable,0.069,0,Low,0.1263,0,Low
S2599,66.98,100.0,Amber,Reliable,0.1821,0,Low,0.6055,1,High
S2600,80.1,100.0,Green,Reliable,0.1242,0,Low,0.1653,0,Low
S2601,78.93,100.0,Green,Reliable,0.9259,1,High,0.2609,1,Medium
S2602,76.41,95.0,Green,Reliable,0.0709,0,Low,0.3321,1,Medium
S2603,75.14,100.0,Green,Reliable,0.0807,0,Low,0.5022,1,High
S2604,82.49,100.0,Green,Reliable,0.293,0,Low,0.2771,1,Medium
S2605,85.59,100.0,Green,Reliable,0.5393,1,Medium,0.1601,0,Low
S2606,78.33,100.0,Green,Reliable,0.4028,1,Medium,0.1855,0,Low
S2607,79.32,100.0,Green,Reliable,0.1977,0,Low,0.1699,0,Low
S2608,87.54,100.0,Green,Reliable,0.1135,0,Low,0.1814,0,Low
S2609,78.06,100.0,Green,Reliable,0.4922,1,Medium,0.3179,1,Medium
S2610,83.24,95.0,Green,Reliable,0.3807,1,Medium,0.1915,0,Low
S2611,81.38,95.0,Green,Reliable,0.3261,1,Medium,0.3351,1,Medium
S2612,79.76,100.0,Green,Reliable,0.6237,1,High,0.0939,0,Low
S2613,75.34,100.0,Green,Reliable,0.0938,0,Low,0.6621,1,High
S2614,53.04,100.0,Amber,Reliable,0.2918,0,Low,0.6238,1,High
S2615,80.35,100.0,Green,Reliable,0.0607,0,Low,0.0655,0,Low
S2616,73.39,100.0,Green,Reliable,0.0926,0,Low,0.5717,1,High
S2617,65.38,100.0,Amber,Reliable,0.1864,0,Low,0.2294,1,Medium
S2618,77.16,100.0,Green,Reliable,0.5373,1,Medium,0.7067,1,High
S2619,83.27,100.0,Green,Reliable,0.1534,0,Low,0.2264,1,Medium
S2620,77.98,100.0,Green,Reliable,0.6791,1,High,0.8522,1,High
S2621,80.1,100.0,Green,Reliable,0.1087,0,Low,0.2267,1,Medium
S2622,66.74,100.0,Amber,Reliable,0.5513,1,Medium,0.1194,0,Low
S2623,73.83,100.0,Green,Reliable,0.0957,0,Low,0.2145,1,Medium
S2624,82.74,100.0,Green,Reliable,0.2692,0,Low,0.59,1,High
S2625,74.39,100.0,Green,Reliable,0.3639,1,Medium,0.102,0,Low
S2626,81.51,100.0,Green,Reliable,0.2568,0,Low,0.7531,1,High
S2627,78.73,100.0,Green,Reliable,0.4597,1,Medium,0.5558,1,High
S2628,78.37,100.0,Green,Reliable,0.1166,0,Low,0.2319,1,Medium
S2629,58.91,100.0,Amber,Reliable,0.9351,1,High,0.752,1,High
S2630,70.38,100.0,Green,Reliable,0.1335,0,Low,0.7034,1,High
S2631,85.7,80.0,Green,Reliable,0.074,0,Low,0.7588,1,High
S2632,76.55,100.0,Green,Reliable,0.3921,1,Medium,0.4349,1,Medium
S2633,79.91,100.0,Green,Reliable,0.4725,1,Medium,0.3478,1,Medium
S2634,67.44,100.0,Amber,Reliable,0.717,1,High,0.0185,0,Low
S2635,74.74,100.0,Green,Reliable,0.6641,1,High,0.3572,1,Medium
S2636,85.41,100.0,Green,Reliable,0.3971,1,Medium,0.2672,1,Medium
S2637,76.52,100.0,Green,Reliable,0.3684,1,Medium,0.5631,1,High
S2638,70.55,95.0,Green,Reliable,0.8854,1,High,0.0519,0,Low
S2639,68.12,100.0,Amber,Reliable,0.288,0,Low,0.8755,1,High
S2640,83.69,100.0,Green,Reliable,0.1211,0,Low,0.041,0,Low
S2641,82.47,100.0,Green,Reliable,0.1229,0,Low,0.1594,0,Low
S2642,77.79,100.0,Green,Reliable,0.0189,0,Low,0.748,1,High
S2643,69.28,100.0,Amber,Reliable,0.2193,0,Low,0.4754,1,Medium
S2644,85.91,100.0,Green,Reliable,0.1033,0,Low,0.2092,1,Medium
S2645,83.8,100.0,Green,Reliable,0.3782,1,Medium,0.1409,0,Low
S2646,85.37,100.0,Green,Reliable,0.1605,0,Low,0.0384,0,Low
S2647,72.4,100.0,Green,Reliable,0.3452,1,Medium,0.0538,0,Low
S2648,74.16,100.0,Green,Reliable,0.3684,1,Medium,0.6344,1,High
S2649,85.24,100.0,Green,Reliable,0.412,1,Medium,0.1637,0,Low
S2650,77.54,100.0,Green,Reliable,0.0456,0,Low,0.111,0,Low
S2651,71.62,100.0,Green,Reliable,0.3988,1,Medium,0.1132,0,Low
S2652,78.48,95.0,Green,Reliable,0.3314,1,Medium,0.2996,1,Medium
S2653,80.97,100.0,Green,Reliable,0.0679,0,Low,0.5824,1,High
S2654,64.1,100.0,Amber,Reliable,0.0269,0,Low,0.4363,1,Medium
S2655,68.93,95.0,Amber,Reliable,0.2279,0,Low,0.2178,1,Medium
S2656,77.74,100.0,Green,Reliable,0.318,1,Medium,0.907,1,High
S2657,83.22,100.0,Green,Reliable,0.1358,0,Low,0.8276,1,High
S2658,76.31,100.0,Green,Reliable,0.7148,1,High,0.5886,1,High
S2659,85.67,100.0,Green,Reliable,0.0405,0,Low,0.1773,0,Low
S2660,70.26,65.0,Green,Reliable,0.001,0,Low,0.1189,0,Low
S2661,85.96,100.0,Green,Reliable,0.0705,0,Low,0.0289,0,Low
S2662,74.82,100.0,Green,Reliable,0.6299,1,High,0.3918,1,Medium
S2663,79.23,100.0,Green,Reliable,0.1062,0,Low,0.5759,1,High
S2664,71.79,100.0,Green,Reliable,0.6718,1,High,0.1114,0,Low
S2665,69.13,100.0,Amber,Reliable,0.3249,1,Medium,0.0761,0,Low
S2666,74.0,100.0,Green,Reliable,0.048,0,Low,0.5774,1,High
S2667,73.25,100.0,Green,Reliable,0.4849,1,Medium,0.7543,1,High
S2668,85.95,100.0,Green,Reliable,0.0406,0,Low,0.1967,0,Low
S2669,72.5,100.0,Green,Reliable,0.0174,0,Low,0.4085,1,Medium
S2670,71.37,100.0,Green,Reliable,0.7374,1,High,0.9607,1,High
S2671,82.11,100.0,Green,Reliable,0.2667,0,Low,0.3961,1,Medium
S2672,90.53,100.0,Green,Reliable,0.2358,0,Low,0.0471,0,Low
S2673,85.35,100.0,Green,Reliable,0.5462,1,Medium,0.0291,0,Low
S2674,81.54,100.0,Green,Reliable,0.392,1,Medium,0.4553,1,Medium
S2675,85.85,100.0,Green,Reliable,0.0293,0,Low,0.0574,0,Low
S2676,73.29,100.0,Green,Reliable,0.0459,0,Low,0.0455,0,Low
S2677,86.26,100.0,Green,Reliable,0.0438,0,Low,0.2045,1,Medium
S2678,73.94,100.0,Green,Reliable,0.4719,1,Medium,0.7638,1,High
S2679,66.49,100.0,Amber,Reliable,0.8352,1,High,0.1707,0,Low
S2680,78.17,100.0,Green,Reliable,0.0806,0,Low,0.9313,1,High
S2681,71.58,100.0,Green,Reliable,0.3626,1,Medium,0.0359,0,Low
S2682,83.86,100.0,Green,Reliable,0.1552,0,Low,0.3468,1,Medium
S2683,79.64,100.0,Green,Reliable,0.7149,1,High,0.0517,0,Low
S2684,68.71,100.0,Amber,Reliable,0.0686,0,Low,0.2178,1,Medium
S2685,83.28,100.0,Green,Reliable,0.5582,1,Medium,0.1597,0,Low
S2686,66.58,100.0,Amber,Reliable,0.1435,0,Low,0.6549,1,High
S2687,56.22,95.0,Amber,Reliable,0.1433,0,Low,0.4249,1,Medium
S2688,78.97,95.0,Green,Reliable,0.139,0,Low,0.3799,1,Medium
S2689,84.97,100.0,Green,Reliable,0.0905,0,Low,0.4626,1,Medium
S2690,82.74,100.0,Green,Reliable,0.4509,1,Medium,0.2138,1,Medium
S2691,84.81,100.0,Green,Reliable,0.1022,0,Low,0.2596,1,Medium
S2692,83.02,100.0,Green,Reliable,0.2774,0,Low,0.504,1,High
S2693,74.02,100.0,Green,Reliable,0.0992,0,Low,0.1525,0,Low
S2694,72.16,65.0,Green,Reliable,0.0008,0,Low,0.0131,0,Low
S2695,58.01,100.0,Amber,Reliable,0.103,0,Low,0.7863,1,High
S2696,68.08,100.0,Amber,Reliable,0.5638,1,Medium,0.145,0,Low
S2697,77.47,95.0,Green,Reliable,0.1134,0,Low,0.4078,1,Medium
S2698,64.26,100.0,Amber,Reliable,0.0723,0,Low,0.3313,1,Medium
S2699,82.2,100.0,Green,Reliable,0.0668,0,Low,0.3198,1,Medium
S2700,74.32,100.0,Green,Reliable,0.1709,0,Low,0.2877,1,Medium
S2701,73.01,100.0,Green,Reliable,0.7467,1,High,0.0929,0,Low
S2702,72.93,100.0,Green,Reliable,0.0495,0,Low,0.1958,0,Low
S2703,80.68,100.0,Green,Reliable,0.5488,1,Medium,0.1904,0,Low
S2704,83.4,100.0,Green,Reliable,0.0085,0,Low,0.4366,1,Medium
S2705,85.17,100.0,Green,Reliable,0.116,0,Low,0.0857,0,Low
S2706,68.89,100.0,Amber,Reliable,0.4861,1,Medium,0.0614,0,Low
S2707,68.3,100.0,Amber,Reliable,0.1897,0,Low,0.4318,1,Medium
S2708,84.04,95.0,Green,Reliable,0.7627,1,High,0.1249,0,Low
S2709,78.12,100.0,Green,Reliable,0.7986,1,High,0.0249,0,Low
S2710,83.44,100.0,Green,Reliable,0.3928,1,Medium,0.0931,0,Low
S2711,86.2,100.0,Green,Reliable,0.1885,0,Low,0.1955,0,Low
S2712,86.58,100.0,Green,Reliable,0.1465,0,Low,0.233,1,Medium
S2713,80.99,95.0,Green,Reliable,0.2879,0,Low,0.4547,1,Medium
S2714,73.01,100.0,Green,Reliable,0.0909,0,Low,0.8102,1,High
S2715,58.42,100.0,Amber,Reliable,0.6764,1,High,0.2443,1,Medium
S2716,81.95,100.0,Green,Reliable,0.6093,1,High,0.0298,0,Low
S2717,83.57,100.0,Green,Reliable,0.05,0,Low,0.1958,0,Low
S2718,83.04,100.0,Green,Reliable,0.382,1,Medium,0.2805,1,Medium
S2719,68.52,100.0,Amber,Reliable,0.2124,0,Low,0.3007,1,Medium
S2720,74.31,100.0,Green,Reliable,0.3164,1,Medium,0.0107,0,Low
S2721,68.11,100.0,Amber,Reliable,0.0676,0,Low,0.1987,0,Low
S2722,67.77,100.0,Amber,Reliable,0.4231,1,Medium,0.1607,0,Low
S2723,83.48,100.0,Green,Reliable,0.0489,0,Low,0.2378,1,Medium
S2724,85.56,100.0,Green,Reliable,0.0518,0,Low,0.1101,0,Low
S2725,73.25,100.0,Green,Reliable,0.3323,1,Medium,0.174,0,Low
S2726,74.66,100.0,Green,Reliable,0.2117,0,Low,0.2286,1,Medium
S2727,66.87,100.0,Amber,Reliable,0.4028,1,Medium,0.9588,1,High
S2728,75.99,100.0,Green,Reliable,0.4536,1,Medium,0.3384,1,Medium
S2729,89.55,100.0,Green,Reliable,0.1788,0,Low,0.0737,0,Low
S2730,81.73,100.0,Green,Reliable,0.5314,1,Medium,0.3867,1,Medium
S2731,89.78,100.0,Green,Reliable,0.0874,0,Low,0.0327,0,Low
S2732,75.64,100.0,Green,Reliable,0.0721,0,Low,0.2697,1,Medium
S2733,77.71,100.0,Green,Reliable,0.4817,1,Medium,0.158,0,Low
S2734,67.67,100.0,Amber,Reliable,0.5211,1,Medium,0.2542,1,Medium
S2735,82.19,100.0,Green,Reliable,0.0372,0,Low,0.6562,1,High
S2736,72.81,100.0,Green,Reliable,0.0025,0,Low,0.0534,0,Low
S2737,82.76,100.0,Green,Reliable,0.3236,1,Medium,0.1095,0,Low
S2738,83.19,100.0,Green,Reliable,0.6145,1,High,0.4252,1,Medium
S2739,85.93,100.0,Green,Reliable,0.2116,0,Low,0.1503,0,Low
S2740,75.69,95.0,Green,Reliable,0.2089,0,Low,0.1451,0,Low
S2741,65.24,100.0,Amber,Reliable,0.3458,1,Medium,0.6455,1,High
S2742,82.77,100.0,Green,Reliable,0.0663,0,Low,0.3581,1,Medium
S2743,79.07,100.0,Green,Reliable,0.677,1,High,0.3411,1,Medium
S2744,83.78,100.0,Green,Reliable,0.2517,0,Low,0.3702,1,Medium
S2745,85.58,100.0,Green,Reliable,0.5361,1,Medium,0.4202,1,Medium
S2746,74.82,80.0,Green,Reliable,0.3626,1,Medium,0.3759,1,Medium
S2747,71.23,100.0,Green,Reliable,0.4679,1,Medium,0.0778,0,Low
S2748,72.23,100.0,Green,Reliable,0.3404,1,Medium,0.3334,1,Medium
S2749,82.47,80.0,Green,Reliable,0.6369,1,High,0.1276,0,Low
S2750,83.83,100.0,Green,Reliable,0.0603,0,Low,0.008,0,Low
S2751,87.6,100.0,Green,Reliable,0.0329,0,Low,0.0689,0,Low
S2752,82.62,100.0,Green,Reliable,0.1411,0,Low,0.1993,0,Low
S2753,78.02,100.0,Green,Reliable,0.0283,0,Low,0.2121,1,Medium
S2754,78.63,100.0,Green,Reliable,0.1594,0,Low,0.036,0,Low
S2755,74.33,100.0,Green,Reliable,0.9204,1,High,0.7505,1,High
S2756,78.78,100.0,Green,Reliable,0.3831,1,Medium,0.517,1,High
S2757,66.27,100.0,Amber,Reliable,0.44,1,Medium,0.8014,1,High
S2758,81.69,100.0,Green,Reliable,0.0209,0,Low,0.1591,0,Low
S2759,76.05,100.0,Green,Reliable,0.8138,1,High,0.1081,0,Low
S2760,71.89,100.0,Green,Reliable,0.5133,1,Medium,0.0947,0,Low
S2761,82.57,100.0,Green,Reliable,0.0766,0,Low,0.6407,1,High
S2762,78.86,80.0,Green,Reliable,0.42,1,Medium,0.2702,1,Medium
S2763,82.48,80.0,Green,Reliable,0.1225,0,Low,0.4269,1,Medium
S2764,75.59,100.0,Green,Reliable,0.5292,1,Medium,0.3977,1,Medium
S2765,71.62,100.0,Green,Reliable,0.3817,1,Medium,0.7846,1,High
S2766,76.05,100.0,Green,Reliable,0.0413,0,Low,0.5053,1,High
S2767,79.91,100.0,Green,Reliable,0.417,1,Medium,0.049,0,Low
S2768,81.74,100.0,Green,Reliable,0.1082,0,Low,0.1415,0,Low
S2769,72.72,100.0,Green,Reliable,0.6537,1,High,0.0303,0,Low
S2770,58.46,100.0,Amber,Reliable,0.3968,1,Medium,0.4257,1,Medium
S2771,79.58,100.0,Green,Reliable,0.2904,0,Low,0.4206,1,Medium
S2772,72.85,100.0,Green,Reliable,0.2288,0,Low,0.4494,1,Medium
S2773,80.22,100.0,Green,Reliable,0.0768,0,Low,0.0473,0,Low
S2774,72.79,100.0,Green,Reliable,0.4001,1,Medium,0.1839,0,Low
S2775,86.96,100.0,Green,Reliable,0.1807,0,Low,0.146,0,Low
S2776,86.09,95.0,Green,Reliable,0.0996,0,Low,0.1998,0,Low
S2777,85.51,100.0,Green,Reliable,0.031,0,Low,0.6494,1,High
S2778,86.17,100.0,Green,Reliable,0.374,1,Medium,0.3017,1,Medium
S2779,88.33,100.0,Green,Reliable,0.0653,0,Low,0.4357,1,Medium
S2780,79.75,100.0,Green,Reliable,0.5168,1,Medium,0.125,0,Low
S2781,74.51,100.0,Green,Reliable,0.0346,0,Low,0.3176,1,Medium
S2782,69.86,100.0,Amber,Reliable,0.0458,0,Low,0.3986,1,Medium
S2783,69.3,100.0,Amber,Reliable,0.0821,0,Low,0.7083,1,High
S2784,74.34,100.0,Green,Reliable,0.103,0,Low,0.6173,1,High
S2785,82.66,100.0,Green,Reliable,0.1174,0,Low,0.5247,1,High
S2786,81.31,100.0,Green,Reliable,0.5387,1,Medium,0.2329,1,Medium
S2787,71.91,100.0,Green,Reliable,0.3969,1,Medium,0.0211,0,Low
S2788,82.71,95.0,Green,Reliable,0.0691,0,Low,0.8102,1,High
S2789,65.08,100.0,Amber,Reliable,0.26,0,Low,0.8418,1,High
S2790,81.01,100.0,Green,Reliable,0.0236,0,Low,0.078,0,Low
S2791,85.19,100.0,Green,Reliable,0.048,0,Low,0.1564,0,Low
S2792,72.92,100.0,Green,Reliable,0.5561,1,Medium,0.251,1,Medium
S2793,74.86,100.0,Green,Reliable,0.5905,1,Medium,0.6171,1,High
S2794,78.33,100.0,Green,Reliable,0.7989,1,High,0.3954,1,Medium
S2795,72.82,100.0,Green,Reliable,0.4152,1,Medium,0.0277,0,Low
S2796,82.36,100.0,Green,Reliable,0.0257,0,Low,0.4063,1,Medium
S2797,85.47,100.0,Green,Reliable,0.3569,1,Medium,0.1977,0,Low
S2798,84.66,100.0,Green,Reliable,0.0089,0,Low,0.2734,1,Medium
S2799,70.9,100.0,Green,Reliable,0.1102,0,Low,0.3531,1,Medium
S2800,89.22,95.0,Green,Reliable,0.2238,0,Low,0.1104,0,Low
