student_id,semester,is_historical,cgpa_drop_flag,new_backlog_flag,academic_risk_label,placement_status,placement_risk_label
S1001,3,1,0,0,0,Placed,0
S1002,3,1,0,0,0,Placed,0
S1003,3,1,0,0,0,Opted Out,1
S1004,7,1,0,0,0,Placed,0
S1005,3,1,0,0,0,Placed,0
S1006,5,1,0,0,0,Placed,0
S1007,3,1,1,0,1,Unplaced,1
S1008,3,1,0,0,0,Placed,0
S1009,7,1,0,0,0,Placed,0
S1010,3,1,0,0,0,Unplaced,1
S1011,3,1,0,0,0,Unplaced,1
S1012,5,1,0,1,1,Opted Out,1
S1013,5,1,0,0,0,Placed,0
S1014,5,1,0,0,0,Placed,0
S1015,3,1,0,0,1,Placed,0
S1016,5,1,0,0,0,Pending,1
S1017,3,1,1,1,1,Pending,1
S1018,5,1,0,0,1,Placed,0
S1019,3,1,0,0,0,Placed,0
S1020,3,1,0,0,0,Opted Out,1
S1021,5,1,0,0,0,Unplaced,1
S1022,5,1,1,0,1,Opted Out,1
S1023,7,1,1,0,1,Placed,0
S1024,7,1,0,1,1,Placed,0
S1025,5,1,0,0,0,Placed,0
S1026,7,1,0,0,0,Opted Out,1
S1027,7,1,1,1,1,Opted Out,1
S1028,5,1,1,1,1,Pending,1
S1029,3,1,0,0,0,Placed,0
S1030,3,1,0,0,0,Placed,0
S1031,5,1,0,0,0,Pending,1
S1032,3,1,1,1,1,Placed,0
S1033,5,1,0,0,0,Placed,0
S1034,5,1,0,0,1,Placed,0
S1035,3,1,0,0,0,Placed,0
S1036,5,1,0,0,0,Placed,0
S1037,7,1,0,1,1,Placed,0
S1038,7,1,0,0,0,Placed,0
S1039,7,1,1,0,1,Placed,0
S1040,7,1,0,0,0,Placed,0
S1041,3,1,0,0,0,Placed,0
S1042,5,1,0,0,0,Placed,0
S1043,7,1,0,0,0,Placed,0
S1044,3,1,0,0,0,Pending,1
S1045,3,1,0,0,0,Placed,0
S1046,3,1,0,1,1,Placed,0
S1047,5,1,0,0,0,Placed,0
S1048,3,1,0,0,0,Pending,1
S1049,7,1,0,0,0,Placed,0
S1050,3,1,0,0,0,Placed,0
S1051,5,1,0,0,0,Placed,0
S1052,3,1,0,0,0,Placed,0
S1053,3,1,0,0,0,Unplaced,1
S1054,7,1,1,1,1,Placed,0
S1055,7,1,0,0,0,Pending,1
S1056,7,1,0,0,0,Placed,0
S1057,5,1,1,1,1,Placed,0
S1058,5,1,1,0,1,Opted Out,1
S1059,3,1,1,0,1,Placed,0
S1060,7,1,0,0,0,Placed,0
S1061,3,1,0,1,1,Placed,0
S1062,3,1,0,0,0,Placed,0
S1063,7,1,0,1,1,Unplaced,1
S1064,7,1,0,1,1,Placed,0
S1065,7,1,1,1,1,Placed,0
S1066,5,1,0,0,0,Placed,0
S1067,7,1,0,0,0,Placed,0
S1068,7,1,0,0,0,Placed,0
S1069,7,1,0,0,0,Placed,0
S1070,7,1,0,0,1,Placed,0
S1071,7,1,0,0,0,Unplaced,1
S1072,5,1,1,1,1,Placed,0
S1073,3,1,1,0,1,Placed,0
S1074,5,1,0,0,0,Placed,0
S1075,5,1,0,0,0,Placed,0
S1076,7,1,0,0,0,Placed,0
S1077,7,1,0,0,0,Placed,0
S1078,7,1,1,1,1,Placed,0
S1079,7,1,0,0,1,Placed,0
S1080,7,1,0,0,0,Pending,1
S1081,7,1,1,1,1,Opted Out,1
S1082,3,1,0,0,0,Placed,0
S1083,3,1,0,0,0,Placed,0
S1084,7,1,0,0,0,Pending,1
S1085,7,1,0,0,0,Placed,0
S1086,5,1,1,1,1,Opted Out,1
S1087,3,1,0,0,0,Placed,0
S1088,5,1,0,0,0,Placed,0
S1089,3,1,0,0,1,Placed,0
S1090,7,1,0,0,0,Placed,0
S1091,3,1,0,0,0,Placed,0
S1092,3,1,0,0,0,Placed,0
S1093,3,1,0,1,1,Placed,0
S1094,7,1,1,1,1,Placed,0
S1095,7,1,0,0,0,Placed,0
S1096,5,1,0,0,0,Opted Out,1
S1097,7,1,0,0,0,Placed,0
S1098,3,1,0,0,0,Placed,0
S1099,7,1,0,0,0,Opted Out,1
S1100,7,1,0,0,0,Opted Out,1
S1101,5,1,0,0,0,Placed,0
S1102,5,1,0,0,0,Placed,0
S1103,5,1,0,0,0,Placed,0
S1104,3,1,0,0,0,Pending,1
S1105,3,1,0,0,0,Placed,0
S1106,3,1,1,1,1,Placed,0
S1107,7,1,0,0,0,Placed,0
S1108,7,1,0,0,0,Placed,0
S1109,3,1,0,1,1,Placed,0
S1110,7,1,0,0,0,Placed,0
S1111,3,1,0,0,1,Placed,0
S1112,3,1,0,0,0,Pending,1
S1113,3,1,0,0,0,Opted Out,1
S1114,3,1,1,1,1,Placed,0
S1115,7,1,0,0,1,Opted Out,1
S1116,3,1,0,0,0,Unplaced,1
S1117,3,1,0,0,0,Opted Out,1
S1118,7,1,0,0,0,Unplaced,1
S1119,3,1,0,0,0,Placed,0
S1120,5,1,0,1,1,Opted Out,1
S1121,3,1,0,0,0,Opted Out,1
S1122,7,1,0,0,0,Unplaced,1
S1123,5,1,0,0,0,Placed,0
S1124,5,1,0,0,0,Placed,0
S1125,7,1,0,0,1,Placed,0
S1126,7,1,0,0,0,Placed,0
S1127,3,1,1,0,1,Placed,0
S1128,7,1,1,0,1,Placed,0
S1129,3,1,1,0,1,Placed,0
S1130,3,1,0,0,0,Opted Out,1
S1131,7,1,0,0,0,Unplaced,1
S1132,3,1,0,0,0,Placed,0
S1133,3,1,1,0,1,Placed,0
S1134,5,1,0,0,0,Opted Out,1
S1135,3,1,1,1,1,Placed,0
S1136,7,1,0,0,0,Placed,0
S1137,3,1,0,0,0,Placed,0
S1138,3,1,0,0,0,Unplaced,1
S1139,3,1,0,0,0,Placed,0
S1140,5,1,0,0,0,Placed,0
S1141,5,1,0,0,0,Placed,0
S1142,5,1,0,0,0,Placed,0
S1143,3,1,0,0,0,Placed,0
S1144,3,1,0,0,0,Opted Out,1
S1145,5,1,0,0,0,Opted Out,1
S1146,5,1,0,0,0,Opted Out,1
S1147,7,1,0,0,0,Placed,0
S1148,7,1,1,1,1,Placed,0
S1149,3,1,0,1,1,Placed,0
S1150,5,1,0,0,1,Unplaced,1
S1151,3,1,0,0,0,Placed,0
S1152,7,1,0,0,0,Placed,0
S1153,3,1,0,0,0,Placed,0
S1154,3,1,0,0,0,Opted Out,1
S1155,7,1,0,0,0,Opted Out,1
S1156,7,1,0,0,0,Placed,0
S1157,3,1,0,0,0,Opted Out,1
S1158,7,1,1,1,1,Unplaced,1
S1159,3,1,0,0,0,Placed,0
S1160,7,1,0,0,0,Placed,0
S1161,7,1,0,0,0,Placed,0
S1162,5,1,0,0,0,Unplaced,1
S1163,7,1,0,0,1,Placed,0
S1164,7,1,0,0,0,Placed,0
S1165,3,1,0,0,0,Pending,1
S1166,3,1,0,0,0,Placed,0
S1167,7,1,0,0,0,Placed,0
S1168,7,1,0,0,0,Placed,0
S1169,5,1,0,0,0,Unplaced,1
S1170,3,1,0,0,0,Opted Out,1
S1171,3,1,0,0,0,Placed,0
S1172,5,1,1,0,1,Placed,0
S1173,7,1,0,0,0,Pending,1
S1174,5,1,0,0,0,Placed,0
S1175,3,1,0,0,0,Pending,1
S1176,5,1,0,1,1,Unplaced,1
S1177,7,1,1,0,1,Placed,0
S1178,3,1,0,0,0,Placed,0
S1179,3,1,0,0,0,Placed,0
S1180,5,1,0,0,1,Placed,0
S1181,5,1,0,0,0,Placed,0
S1182,3,1,0,0,0,Placed,0
S1183,5,1,0,0,1,Pending,1
S1184,5,1,0,1,1,Placed,0
S1185,7,1,0,0,0,Placed,0
S1186,7,1,1,1,1,Placed,0
S1187,3,1,0,0,0,Placed,0
S1188,5,1,0,0,0,Placed,0
S1189,3,1,0,0,0,Placed,0
S1190,3,1,0,0,0,Unplaced,1
S1191,7,1,1,0,1,Placed,0
S1192,3,1,0,0,0,Placed,0
S1193,5,1,0,0,0,Unplaced,1
S1194,3,1,1,1,1,Placed,0
S1195,3,1,1,1,1,Placed,0
S1196,7,1,0,0,1,Unplaced,1
S1197,5,1,0,0,0,Opted Out,1
S1198,3,1,1,1,1,Placed,0
S1199,5,1,0,1,1,Opted Out,1
S1200,3,1,1,1,1,Placed,0
S1201,3,1,0,0,0,Pending,1
S1202,3,1,0,0,0,Opted Out,1
S1203,7,1,1,0,1,Placed,0
S1204,7,1,1,0,1,Placed,0
S1205,3,1,0,0,0,Placed,0
S1206,7,1,0,0,0,Unplaced,1
S1207,7,1,1,0,1,Placed,0
S1208,5,1,0,0,0,Placed,0
S1209,7,1,0,0,0,Placed,0
S1210,5,1,0,0,0,Placed,0
S1211,3,1,0,0,0,Unplaced,1
S1212,5,1,0,0,0,Placed,0
S1213,5,1,0,0,0,Placed,0
S1214,7,1,0,0,0,Placed,0
S1215,7,1,0,0,0,Opted Out,1
S1216,5,1,0,0,0,Placed,0
S1217,5,1,0,0,0,Opted Out,1
S1218,7,1,0,0,0,Placed,0
S1219,3,1,0,0,1,Placed,0
S1220,3,1,1,0,1,Pending,1
S1221,3,1,0,0,0,Placed,0
S1222,7,1,0,0,1,Opted Out,1
S1223,5,1,0,0,0,Placed,0
S1224,5,1,1,1,1,Opted Out,1
S1225,7,1,1,0,1,Placed,0
S1226,5,1,0,1,1,Opted Out,1
S1227,5,1,0,0,0,Placed,0
S1228,3,1,0,0,0,Opted Out,1
S1229,5,1,1,1,1,Placed,0
S1230,3,1,0,0,0,Placed,0
S1231,3,1,0,0,0,Placed,0
S1232,5,1,0,0,0,Placed,0
S1233,5,1,0,0,0,Placed,0
S1234,5,1,0,0,0,Opted Out,1
S1235,7,1,0,0,1,Unplaced,1
S1236,5,1,0,0,0,Placed,0
S1237,5,1,0,0,1,Unplaced,1
S1238,3,1,1,0,1,Pending,1
S1239,3,1,0,0,0,Placed,0
S1240,5,1,0,0,0,Placed,0
S1241,3,1,0,0,0,Pending,1
S1242,5,1,1,0,1,Placed,0
S1243,7,1,1,0,1,Pending,1
S1244,5,1,1,0,1,Placed,0
S1245,7,1,0,0,0,Placed,0
S1246,5,1,0,0,0,Placed,0
S1247,3,1,0,0,0,Placed,0
S1248,3,1,1,1,1,Opted Out,1
S1249,3,1,0,0,0,Placed,0
S1250,7,1,1,1,1,Pending,1
S1251,5,1,0,0,0,Opted Out,1
S1252,3,1,0,0,0,Placed,0
S1253,7,1,0,0,0,Placed,0
S1254,7,1,0,0,0,Placed,0
S1255,7,1,0,0,0,Unplaced,1
S1256,7,1,0,0,0,Placed,0
S1257,7,1,0,0,0,Placed,0
S1258,5,1,0,0,0,Placed,0
S1259,7,1,0,0,0,Placed,0
S1260,7,1,0,0,0,Placed,0
S1261,3,1,0,0,0,Placed,0
S1262,7,1,0,0,0,Placed,0
S1263,7,1,1,0,1,Placed,0
S1264,7,1,0,0,0,Unplaced,1
S1265,5,1,0,0,1,Placed,0
S1266,7,1,0,0,0,Placed,0
S1267,5,1,0,0,0,Placed,0
S1268,3,1,0,0,0,Opted Out,1
S1269,7,1,0,0,0,Pending,1
S1270,7,1,0,0,0,Opted Out,1
S1271,5,1,1,0,1,Pending,1
S1272,5,1,0,0,0,Placed,0
S1273,7,1,0,0,0,Unplaced,1
S1274,7,1,0,0,0,Placed,0
S1275,7,1,0,0,0,Placed,0
S1276,5,1,0,0,0,Placed,0
S1277,7,1,0,0,0,Placed,0
S1278,5,1,0,0,0,Unplaced,1
S1279,3,1,0,0,0,Placed,0
S1280,3,1,0,0,0,Placed,0
S1281,3,1,0,0,0,Placed,0
S1282,3,1,0,0,0,Unplaced,1
S1283,5,1,0,0,0,Unplaced,1
S1284,3,1,0,0,0,Placed,0
S1285,5,1,0,0,0,Placed,0
S1286,3,1,0,0,1,Pending,1
S1287,5,1,0,0,0,Placed,0
S1288,3,1,0,0,0,Placed,0
S1289,7,1,1,0,1,Opted Out,1
S1290,3,1,1,0,1,Placed,0
S1291,3,1,1,1,1,Placed,0
S1292,7,1,0,0,0,Placed,0
S1293,5,1,0,0,0,Placed,0
S1294,7,1,0,0,0,Placed,0
S1295,3,1,1,1,1,Unplaced,1
S1296,3,1,0,0,0,Placed,0
S1297,7,1,0,0,0,Placed,0
S1298,7,1,0,0,1,Placed,0
S1299,5,1,1,0,1,Opted Out,1
S1300,7,1,0,0,0,Placed,0
S1301,5,1,0,0,0,Placed,0
S1302,5,1,0,1,1,Placed,0
S1303,7,1,0,0,0,Unplaced,1
S1304,5,1,0,0,0,Placed,0
S1305,3,1,0,0,0,Placed,0
S1306,7,1,0,0,0,Placed,0
S1307,7,1,1,0,1,Placed,0
S1308,5,1,0,0,0,Placed,0
S1309,3,1,0,0,0,Pending,1
S1310,3,1,0,0,0,Opted Out,1
S1311,5,1,1,0,1,Pending,1
S1312,7,1,0,0,0,Placed,0
S1313,3,1,0,0,0,Placed,0
S1314,3,1,0,0,0,Placed,0
S1315,7,1,1,1,1,Placed,0
S1316,7,1,0,0,0,Opted Out,1
S1317,3,1,0,0,0,Opted Out,1
S1318,5,1,0,0,0,Placed,0
S1319,7,1,0,0,0,Placed,0
S1320,5,1,0,0,1,Opted Out,1
S1321,3,1,0,0,0,Unplaced,1
S1322,5,1,0,0,0,Placed,0
S1323,7,1,0,0,0,Opted Out,1
S1324,7,1,0,0,0,Pending,1
S1325,5,1,0,0,0,Placed,0
S1326,5,1,0,0,0,Placed,0
S1327,5,1,0,0,0,Placed,0
S1328,7,1,0,0,1,Placed,0
S1329,7,1,0,0,0,Opted Out,1
S1330,5,1,0,0,0,Placed,0
S1331,5,1,0,0,1,Placed,0
S1332,5,1,0,0,0,Placed,0
S1333,5,1,0,0,1,Placed,0
S1334,7,1,0,0,0,Pending,1
S1335,7,1,0,0,0,Placed,0
S1336,5,1,0,0,0,Placed,0
S1337,7,1,0,0,0,Opted Out,1
S1338,3,1,0,1,1,Unplaced,1
S1339,7,1,0,0,0,Placed,0
S1340,7,1,0,0,0,Placed,0
S1341,3,1,0,0,0,Unplaced,1
S1342,3,1,0,0,0,Placed,0
S1343,3,1,0,0,0,Placed,0
S1344,5,1,0,0,0,Placed,0
S1345,5,1,0,0,0,Placed,0
S1346,5,1,0,0,0,Placed,0
S1347,5,1,0,0,0,Opted Out,1
S1348,5,1,1,1,1,Placed,0
S1349,5,1,0,0,0,Placed,0
S1350,5,1,0,0,0,Placed,0
S1351,7,1,0,0,0,Placed,0
S1352,3,1,0,0,0,Placed,0
S1353,3,1,0,0,0,Placed,0
S1354,7,1,0,0,0,Placed,0
S1355,3,1,0,0,0,Pending,1
S1356,3,1,1,1,1,Placed,0
S1357,7,1,1,1,1,Placed,0
S1358,3,1,0,1,1,Placed,0
S1359,5,1,0,0,0,Opted Out,1
S1360,7,1,1,1,1,Placed,0
S1361,5,1,0,0,1,Placed,0
S1362,5,1,1,1,1,Pending,1
S1363,7,1,0,0,0,Placed,0
S1364,7,1,1,1,1,Placed,0
S1365,3,1,0,0,0,Placed,0
S1366,3,1,0,0,0,Placed,0
S1367,3,1,0,0,0,Placed,0
S1368,7,1,0,0,0,Opted Out,1
S1369,5,1,0,1,1,Placed,0
S1370,3,1,0,0,0,Opted Out,1
S1371,7,1,0,0,0,Placed,0
S1372,3,1,0,0,0,Placed,0
S1373,7,1,0,0,0,Placed,0
S1374,3,1,0,0,0,Placed,0
S1375,3,1,0,0,0,Placed,0
S1376,7,1,0,0,0,Placed,0
S1377,7,1,0,0,0,Placed,0
S1378,3,1,0,0,0,Pending,1
S1379,7,1,1,1,1,Pending,1
S1380,3,1,0,0,0,Opted Out,1
S1381,5,1,0,0,0,Placed,0
S1382,5,1,1,0,1,Placed,0
S1383,7,1,1,0,1,Opted Out,1
S1384,7,1,1,0,1,Placed,0
S1385,5,1,0,0,0,Opted Out,1
S1386,7,1,1,1,1,Placed,0
S1387,7,1,0,0,0,Placed,0
S1388,7,1,0,0,0,Placed,0
S1389,5,1,0,0,0,Placed,0
S1390,5,1,0,0,0,Placed,0
S1391,5,1,0,0,0,Placed,0
S1392,3,1,0,0,0,Pending,1
S1393,5,1,0,0,0,Placed,0
S1394,3,1,0,0,0,Unplaced,1
S1395,7,1,0,0,0,Unplaced,1
S1396,7,1,0,0,0,Placed,0
S1397,5,1,0,0,0,Placed,0
S1398,5,1,0,0,0,Placed,0
S1399,3,1,0,0,0,Placed,0
S1400,3,1,0,0,0,Placed,0
S1401,5,1,0,0,0,Placed,0
S1402,5,1,0,0,0,Placed,0
S1403,7,1,0,0,0,Placed,0
S1404,7,1,1,1,1,Placed,0
S1405,7,1,0,1,1,Placed,0
S1406,3,1,0,0,0,Placed,0
S1407,7,1,0,0,0,Placed,0
S1408,5,1,1,1,1,Placed,0
S1409,3,1,0,0,0,Placed,0
S1410,7,1,0,0,0,Pending,1
S1411,5,1,1,1,1,Opted Out,1
S1412,3,1,0,0,0,Placed,0
S1413,3,1,0,0,0,Placed,0
S1414,7,1,1,1,1,Unplaced,1
S1415,5,1,0,0,0,Placed,0
S1416,5,1,0,0,0,Pending,1
S1417,7,1,0,0,0,Placed,0
S1418,5,1,1,1,1,Placed,0
S1419,7,1,0,0,0,Placed,0
S1420,5,1,0,0,0,Placed,0
S1421,7,1,0,1,1,Placed,0
S1422,5,1,1,1,1,Placed,0
S1423,5,1,1,1,1,Placed,0
S1424,3,1,0,0,0,Unplaced,1
S1425,5,1,0,0,0,Placed,0
S1426,7,1,1,1,1,Placed,0
S1427,7,1,0,0,0,Placed,0
S1428,3,1,1,1,1,Placed,0
S1429,7,1,0,0,1,Placed,0
S1430,5,1,1,0,1,Placed,0
S1431,7,1,0,0,0,Unplaced,1
S1432,5,1,0,0,0,Placed,0
S1433,3,1,0,0,0,Placed,0
S1434,3,1,1,0,1,Opted Out,1
S1435,3,1,0,0,0,Opted Out,1
S1436,3,1,0,0,0,Placed,0
S1437,3,1,0,0,0,Opted Out,1
S1438,3,1,0,0,0,Opted Out,1
S1439,7,1,0,0,0,Unplaced,1
S1440,7,1,0,0,0,Placed,0
S1441,7,1,1,0,1,Pending,1
S1442,3,1,0,0,0,Pending,1
S1443,7,1,0,0,0,Placed,0
S1444,5,1,0,0,0,Placed,0
S1445,5,1,1,1,1,Placed,0
S1446,3,1,0,0,0,Placed,0
S1447,5,1,0,0,0,Placed,0
S1448,3,1,1,0,1,Pending,1
S1449,5,1,0,0,0,Placed,0
S1450,3,1,0,0,0,Placed,0
S1451,7,1,0,0,0,Opted Out,1
S1452,3,1,0,0,0,Placed,0
S1453,7,1,0,0,0,Placed,0
S1454,3,1,0,0,0,Placed,0
S1455,3,1,1,1,1,Placed,0
S1456,5,1,0,1,1,Pending,1
S1457,7,1,0,0,0,Placed,0
S1458,3,1,0,0,0,Opted Out,1
S1459,5,1,0,0,0,Placed,0
S1460,5,1,0,0,0,Placed,0
S1461,7,1,1,1,1,Placed,0
S1462,5,1,0,0,0,Placed,0
S1463,7,1,0,0,0,Placed,0
S1464,7,1,0,0,0,Placed,0
S1465,3,1,0,0,0,Placed,0
S1466,5,1,0,0,0,Opted Out,1
S1467,3,1,1,1,1,Unplaced,1
S1468,3,1,0,0,0,Opted Out,1
S1469,3,1,0,0,0,Placed,0
S1470,3,1,0,1,1,Opted Out,1
S1471,5,1,0,1,1,Placed,0
S1472,5,1,0,0,0,Pending,1
S1473,3,1,0,0,0,Placed,0
S1474,5,1,0,0,0,Placed,0
S1475,7,1,0,0,1,Placed,0
S1476,3,1,0,0,0,Placed,0
S1477,5,1,0,0,0,Unplaced,1
S1478,7,1,0,0,0,Placed,0
S1479,5,1,1,1,1,Unplaced,1
S1480,7,1,0,0,0,Placed,0
S1481,7,1,0,0,0,Unplaced,1
S1482,5,1,0,0,0,Placed,0
S1483,3,1,0,0,0,Placed,0
S1484,3,1,0,0,0,Unplaced,1
S1485,7,1,0,0,0,Placed,0
S1486,5,1,0,0,0,Placed,0
S1487,3,1,0,0,0,Placed,0
S1488,7,1,0,0,0,Placed,0
S1489,7,1,0,0,0,Placed,0
S1490,5,1,1,0,1,Placed,0
S1491,7,1,1,0,1,Pending,1
S1492,5,1,0,0,0,Placed,0
S1493,7,1,0,0,0,Placed,0
S1494,5,1,0,0,0,Placed,0
S1495,7,1,0,0,0,Placed,0
S1496,3,1,0,0,0,Placed,0
S1497,3,1,0,0,0,Placed,0
S1498,7,1,1,1,1,Placed,0
S1499,7,1,0,0,0,Placed,0
S1500,7,1,0,0,0,Placed,0
S1501,3,1,1,0,1,Placed,0
S1502,7,1,0,0,0,Placed,0
S1503,5,1,0,0,0,Placed,0
S1504,7,1,0,0,0,Placed,0
S1505,7,1,0,0,0,Placed,0
S1506,3,1,0,0,0,Placed,0
S1507,5,1,0,0,0,Placed,0
S1508,5,1,0,0,0,Placed,0
S1509,7,1,0,0,0,Unplaced,1
S1510,3,1,0,0,0,Placed,0
S1511,5,1,0,0,0,Pending,1
S1512,5,1,1,1,1,Placed,0
S1513,7,1,0,0,0,Pending,1
S1514,5,1,0,0,1,Placed,0
S1515,5,1,0,0,0,Opted Out,1
S1516,5,1,0,1,1,Placed,0
S1517,5,1,0,0,0,Placed,0
S1518,3,1,0,0,0,Placed,0
S1519,5,1,0,0,1,Placed,0
S1520,3,1,0,0,0,Placed,0
S1521,7,1,0,0,0,Pending,1
S1522,7,1,0,0,0,Pending,1
S1523,7,1,0,0,0,Placed,0
S1524,3,1,0,1,1,Pending,1
S1525,5,1,0,0,0,Placed,0
S1526,3,1,0,0,0,Opted Out,1
S1527,5,1,0,0,0,Placed,0
S1528,3,1,1,1,1,Placed,0
S1529,7,1,0,0,0,Placed,0
S1530,3,1,0,0,0,Placed,0
S1531,5,1,1,0,1,Placed,0
S1532,3,1,0,0,0,Placed,0
S1533,5,1,0,0,0,Placed,0
S1534,3,1,1,0,1,Placed,0
S1535,5,1,0,0,0,Placed,0
S1536,7,1,0,0,0,Placed,0
S1537,5,1,0,0,0,Unplaced,1
S1538,7,1,1,0,1,Opted Out,1
S1539,5,1,0,0,0,Unplaced,1
S1540,5,1,0,0,0,Opted Out,1
S1541,5,1,0,0,0,Placed,0
S1542,3,1,0,0,0,Placed,0
S1543,3,1,0,0,0,Placed,0
S1544,7,1,0,0,0,Placed,0
S1545,3,1,0,0,0,Unplaced,1
S1546,5,1,0,0,0,Placed,0
S1547,7,1,0,0,0,Placed,0
S1548,3,1,1,0,1,Placed,0
S1549,7,1,0,0,0,Opted Out,1
S1550,7,1,0,0,0,Placed,0
S1551,7,1,0,0,0,Pending,1
S1552,3,1,0,0,0,Placed,0
S1553,7,1,0,0,1,Unplaced,1
S1554,5,1,0,0,0,Pending,1
S1555,7,1,0,0,0,Placed,0
S1556,5,1,0,0,0,Placed,0
S1557,5,1,0,0,0,Placed,0
S1558,7,1,0,0,0,Placed,0
S1559,7,1,0,0,0,Pending,1
S1560,3,1,0,0,0,Placed,0
S1561,3,1,0,0,0,Placed,0
S1562,7,1,1,0,1,Placed,0
S1563,7,1,1,0,1,Placed,0
S1564,5,1,0,0,0,Placed,0
S1565,5,1,0,0,0,Placed,0
S1566,3,1,0,0,0,Placed,0
S1567,7,1,1,0,1,Placed,0
S1568,3,1,1,0,1,Placed,0
S1569,3,1,0,0,0,Opted Out,1
S1570,5,1,1,0,1,Placed,0
S1571,7,1,0,1,1,Opted Out,1
S1572,5,1,0,0,0,Pending,1
S1573,3,1,1,1,1,Placed,0
S1574,5,1,0,0,0,Placed,0
S1575,7,1,0,0,0,Pending,1
S1576,7,1,1,1,1,Placed,0
S1577,5,1,1,1,1,Placed,0
S1578,5,1,0,0,0,Placed,0
S1579,7,1,1,1,1,Unplaced,1
S1580,7,1,1,0,1,Placed,0
S1581,7,1,0,0,0,Placed,0
S1582,3,1,0,0,0,Placed,0
S1583,3,1,0,0,0,Placed,0
S1584,5,1,0,0,0,Placed,0
S1585,7,1,0,0,0,Placed,0
S1586,5,1,0,0,0,Placed,0
S1587,7,1,1,1,1,Placed,0
S1588,3,1,0,0,0,Placed,0
S1589,5,1,0,0,0,Placed,0
S1590,5,1,1,1,1,Placed,0
S1591,5,1,0,0,0,Placed,0
S1592,3,1,0,0,0,Placed,0
S1593,7,1,1,0,1,Placed,0
S1594,7,1,0,0,0,Placed,0
S1595,3,1,1,1,1,Placed,0
S1596,3,1,1,1,1,Pending,1
S1597,5,1,0,0,0,Placed,0
S1598,7,1,1,0,1,Opted Out,1
S1599,5,1,1,0,1,Opted Out,1
S1600,3,1,0,0,0,Opted Out,1
